cohort_month,activity_month,months_since_issuance,cards_issued_in_cohort,cohort_issued_amount,redeemed_amount_this_month,cumulative_redeemed_amount,remaining_balance,is_expired,breakage_amount
2022-01-01 00:00:00,2022-01-01 00:00:00,0,73,6631.7699999999995,344.91,344.91,6286.860000000001,false,0.0
2022-01-01 00:00:00,2022-02-01 00:00:00,1,73,6631.7699999999995,1000.3599999999999,1258.12,5373.650000000001,false,0.0
2022-01-01 00:00:00,2022-03-01 00:00:00,2,73,6631.7699999999995,431.61,1674.3300000000002,4957.44,false,0.0
2022-01-01 00:00:00,2022-04-01 00:00:00,3,73,6631.7699999999995,342.2,2016.53,4615.24,false,0.0
2022-01-01 00:00:00,2022-05-01 00:00:00,4,73,6631.7699999999995,478.20000000000005,2494.73,4137.04,false,0.0
2022-01-01 00:00:00,2022-06-01 00:00:00,5,73,6631.7699999999995,610.99,3105.72,3526.05,false,0.0
2022-01-01 00:00:00,2022-07-01 00:00:00,6,73,6631.7699999999995,452.11,3557.83,3073.94,false,0.0
2022-01-01 00:00:00,2022-08-01 00:00:00,7,73,6631.7699999999995,177.20000000000002,3735.0299999999997,2896.7400000000002,false,0.0
2022-01-01 00:00:00,2022-09-01 00:00:00,8,73,6631.7699999999995,150.45,3885.48,2746.2900000000004,false,0.0
2022-01-01 00:00:00,2022-10-01 00:00:00,9,73,6631.7699999999995,178.19000000000003,4063.6699999999996,2568.1,false,0.0
2022-01-01 00:00:00,2022-11-01 00:00:00,10,73,6631.7699999999995,218.99,4282.66,2349.1099999999997,false,0.0
2022-01-01 00:00:00,2022-12-01 00:00:00,11,73,6631.7699999999995,75.49,4358.15,2273.62,false,0.0
2022-01-01 00:00:00,2023-01-01 00:00:00,12,73,6631.7699999999995,102.47,4460.62,2171.1499999999996,false,0.0
2022-01-01 00:00:00,2023-02-01 00:00:00,13,73,6631.7699999999995,290.3,4750.92,1880.85,false,0.0
2022-01-01 00:00:00,2023-03-01 00:00:00,14,73,6631.7699999999995,6.79,4757.71,1874.06,false,0.0
2022-01-01 00:00:00,2023-04-01 00:00:00,15,73,6631.7699999999995,26.75,4784.46,1847.3100000000002,false,0.0
2022-01-01 00:00:00,2023-05-01 00:00:00,16,73,6631.7699999999995,6.869999999999999,4791.33,1840.4399999999998,false,0.0
2022-01-01 00:00:00,2023-06-01 00:00:00,17,73,6631.7699999999995,45.41,4836.74,1795.03,false,0.0
2022-01-01 00:00:00,2023-07-01 00:00:00,18,73,6631.7699999999995,193.9,5030.639999999999,1601.13,false,0.0
2022-01-01 00:00:00,2023-08-01 00:00:00,19,73,6631.7699999999995,0.0,5030.639999999999,1601.13,false,0.0
2022-01-01 00:00:00,2023-09-01 00:00:00,20,73,6631.7699999999995,187.92,5218.5599999999995,1413.21,false,0.0
2022-01-01 00:00:00,2023-10-01 00:00:00,21,73,6631.7699999999995,0.0,5218.5599999999995,1413.21,false,0.0
2022-01-01 00:00:00,2023-11-01 00:00:00,22,73,6631.7699999999995,0.0,5218.5599999999995,1413.21,false,0.0
2022-01-01 00:00:00,2023-12-01 00:00:00,23,73,6631.7699999999995,0.0,5218.5599999999995,1413.21,true,1413.21
2022-02-01 00:00:00,2022-02-01 00:00:00,0,77,7871.07,963.11,957.3100000000001,6913.76,false,0.0
2022-02-01 00:00:00,2022-03-01 00:00:00,1,77,7871.07,477.62,1434.93,6436.140000000001,false,0.0
2022-02-01 00:00:00,2022-04-01 00:00:00,2,77,7871.069999999999,864.27,2299.2,5571.870000000001,false,0.0
2022-02-01 00:00:00,2022-05-01 00:00:00,3,77,7871.069999999999,198.48000000000002,2497.6800000000003,5373.39,false,0.0
2022-02-01 00:00:00,2022-06-01 00:00:00,4,77,7871.069999999999,570.8,3068.48,4802.59,false,0.0
2022-02-01 00:00:00,2022-07-01 00:00:00,5,77,7871.069999999999,556.7,3625.18,4245.89,false,0.0
2022-02-01 00:00:00,2022-08-01 00:00:00,6,77,7871.069999999999,426.02,4051.2000000000007,3819.870000000001,false,0.0
2022-02-01 00:00:00,2022-09-01 00:00:00,7,77,7871.069999999999,61.99,4113.1900000000005,3757.88,false,0.0
2022-02-01 00:00:00,2022-10-01 00:00:00,8,77,7871.069999999999,139.29,4252.4800000000005,3618.5900000000006,false,0.0
2022-02-01 00:00:00,2022-11-01 00:00:00,9,77,7871.069999999999,135.88,4388.36,3482.71,false,0.0
2022-02-01 00:00:00,2022-12-01 00:00:00,10,77,7871.069999999999,136.68,4525.040000000001,3346.0299999999997,false,0.0
2022-02-01 00:00:00,2023-01-01 00:00:00,11,77,7871.069999999999,67.89,4592.93,3278.14,false,0.0
2022-02-01 00:00:00,2023-02-01 00:00:00,12,77,7871.069999999999,94.86,4687.790000000001,3183.2799999999997,false,0.0
2022-02-01 00:00:00,2023-03-01 00:00:00,13,77,7871.069999999999,19.91,4707.700000000001,3163.37,false,0.0
2022-02-01 00:00:00,2023-04-01 00:00:00,14,77,7871.069999999999,201.70999999999998,4909.41,2961.6600000000003,false,0.0
2022-02-01 00:00:00,2023-05-01 00:00:00,15,77,7871.069999999999,80.71999999999998,4990.130000000001,2880.9400000000005,false,0.0
2022-02-01 00:00:00,2023-06-01 00:00:00,16,77,7871.069999999999,11.05,5001.18,2869.8900000000003,false,0.0
2022-02-01 00:00:00,2023-07-01 00:00:00,17,77,7871.069999999999,15.66,5016.84,2854.2299999999996,false,0.0
2022-02-01 00:00:00,2023-08-01 00:00:00,18,77,7871.069999999999,97.72,5114.5599999999995,2756.5099999999998,false,0.0
2022-02-01 00:00:00,2023-09-01 00:00:00,19,77,7871.069999999999,138.9,5253.459999999999,2617.61,false,0.0
2022-02-01 00:00:00,2023-10-01 00:00:00,20,77,7871.069999999999,213.57,5467.03,2404.0400000000004,false,0.0
2022-02-01 00:00:00,2023-11-01 00:00:00,21,77,7871.069999999999,0.0,5467.03,2404.0400000000004,false,0.0
2022-02-01 00:00:00,2023-12-01 00:00:00,22,77,7871.069999999999,0.0,5467.03,2404.0400000000004,false,0.0
2022-02-01 00:00:00,2024-01-01 00:00:00,23,77,7871.069999999999,0.0,5467.03,2404.0400000000004,true,2404.0400000000004
2022-03-01 00:00:00,2022-03-01 00:00:00,0,98,8777.820000000002,805.9699999999999,788.5699999999998,7989.250000000001,false,0.0
2022-03-01 00:00:00,2022-04-01 00:00:00,1,98,8777.820000000002,752.9200000000001,1541.4899999999998,7236.330000000002,false,0.0
2022-03-01 00:00:00,2022-05-01 00:00:00,2,98,8777.820000000002,630.05,2135.32,6642.500000000002,false,0.0
2022-03-01 00:00:00,2022-06-01 00:00:00,3,98,8777.820000000002,856.63,2991.95,5785.870000000001,false,0.0
2022-03-01 00:00:00,2022-07-01 00:00:00,4,98,8777.820000000002,631.26,3623.2099999999996,5154.610000000001,false,0.0
2022-03-01 00:00:00,2022-08-01 00:00:00,5,98,8777.820000000002,817.92,4441.13,4336.69,false,0.0
2022-03-01 00:00:00,2022-09-01 00:00:00,6,98,8777.820000000002,368.7099999999999,4809.84,3967.98,false,0.0
2022-03-01 00:00:00,2022-10-01 00:00:00,7,98,8777.820000000002,197.74999999999997,5007.59,3770.2300000000005,false,0.0
2022-03-01 00:00:00,2022-11-01 00:00:00,8,98,8777.820000000002,187.66000000000003,5195.25,3582.57,false,0.0
2022-03-01 00:00:00,2022-12-01 00:00:00,9,98,8777.820000000002,149.63,5344.880000000001,3432.94,false,0.0
2022-03-01 00:00:00,2023-01-01 00:00:00,10,98,8777.820000000002,87.56,5432.44,3345.38,false,0.0
2022-03-01 00:00:00,2023-02-01 00:00:00,11,98,8777.820000000002,174.70000000000002,5607.14,3170.6800000000003,false,0.0
2022-03-01 00:00:00,2023-03-01 00:00:00,12,98,8777.820000000002,21.009999999999998,5628.150000000001,3149.6700000000005,false,0.0
2022-03-01 00:00:00,2023-04-01 00:00:00,13,98,8777.820000000002,112.62,5740.77,3037.05,false,0.0
2022-03-01 00:00:00,2023-05-01 00:00:00,14,98,8777.820000000002,66.35,5807.12,2970.7000000000003,false,0.0
2022-03-01 00:00:00,2023-06-01 00:00:00,15,98,8777.820000000002,55.86,5862.98,2914.84,false,0.0
2022-03-01 00:00:00,2023-07-01 00:00:00,16,98,8777.820000000002,0.0,5862.98,2914.84,false,0.0
2022-03-01 00:00:00,2023-08-01 00:00:00,17,98,8777.820000000002,147.81,6010.789999999999,2767.0300000000007,false,0.0
2022-03-01 00:00:00,2023-09-01 00:00:00,18,98,8777.820000000002,117.23,6128.02,2649.8,false,0.0
2022-03-01 00:00:00,2023-10-01 00:00:00,19,98,8777.820000000002,46.12,6174.14,2603.6800000000003,false,0.0
2022-03-01 00:00:00,2023-11-01 00:00:00,20,98,8777.820000000002,188.86,6363.0,2414.82,false,0.0
2022-03-01 00:00:00,2023-12-01 00:00:00,21,98,8777.820000000002,0.0,6363.0,2414.82,false,0.0
2022-03-01 00:00:00,2024-01-01 00:00:00,22,98,8777.820000000002,0.0,6363.0,2414.82,false,0.0
2022-03-01 00:00:00,2024-02-01 00:00:00,23,98,8777.820000000002,0.0,6363.0,2414.82,true,2414.82
2022-04-01 00:00:00,2022-04-01 00:00:00,0,85,8865.810000000001,910.7099999999999,910.7099999999999,7955.099999999999,false,0.0
2022-04-01 00:00:00,2022-05-01 00:00:00,1,85,8865.810000000001,1939.07,2835.2499999999995,6030.5599999999995,false,0.0
2022-04-01 00:00:00,2022-06-01 00:00:00,2,85,8865.810000000001,609.1,3419.5299999999997,5446.28,false,0.0
2022-04-01 00:00:00,2022-07-01 00:00:00,3,85,8865.810000000001,398.89,3818.42,5047.389999999999,false,0.0
2022-04-01 00:00:00,2022-08-01 00:00:00,4,85,8865.810000000001,505.71999999999997,4324.139999999999,4541.67,false,0.0
2022-04-01 00:00:00,2022-09-01 00:00:00,5,85,8865.810000000001,650.7099999999999,4974.849999999999,3890.96,false,0.0
2022-04-01 00:00:00,2022-10-01 00:00:00,6,85,8865.810000000001,234.83999999999997,5209.69,3656.12,false,0.0
2022-04-01 00:00:00,2022-11-01 00:00:00,7,85,8865.810000000001,132.83,5342.52,3523.29,false,0.0
2022-04-01 00:00:00,2022-12-01 00:00:00,8,85,8865.810000000001,67.94999999999999,5410.470000000001,3455.3399999999997,false,0.0
2022-04-01 00:00:00,2023-01-01 00:00:00,9,85,8865.810000000001,60.11,5470.58,3395.23,false,0.0
2022-04-01 00:00:00,2023-02-01 00:00:00,10,85,8865.810000000001,16.75,5487.33,3378.4799999999996,false,0.0
2022-04-01 00:00:00,2023-03-01 00:00:00,11,85,8865.810000000001,89.66999999999999,5577.0,3288.8100000000004,false,0.0
2022-04-01 00:00:00,2023-04-01 00:00:00,12,85,8865.810000000001,177.82,5754.82,3110.9900000000002,false,0.0
2022-04-01 00:00:00,2023-05-01 00:00:00,13,85,8865.810000000001,250.87000000000003,6005.6900000000005,2860.12,false,0.0
2022-04-01 00:00:00,2023-06-01 00:00:00,14,85,8865.810000000001,0.0,6005.6900000000005,2860.12,false,0.0
2022-04-01 00:00:00,2023-07-01 00:00:00,15,85,8865.810000000001,30.82,6036.51,2829.3,false,0.0
2022-04-01 00:00:00,2023-08-01 00:00:00,16,85,8865.810000000001,22.46,6058.97,2806.84,false,0.0
2022-04-01 00:00:00,2023-09-01 00:00:00,17,85,8865.810000000001,0.0,6058.97,2806.84,false,0.0
2022-04-01 00:00:00,2023-10-01 00:00:00,18,85,8865.810000000001,0.0,6058.97,2806.84,false,0.0
2022-04-01 00:00:00,2023-11-01 00:00:00,19,85,8865.810000000001,0.0,6058.97,2806.84,false,0.0
2022-04-01 00:00:00,2023-12-01 00:00:00,20,85,8865.810000000001,0.0,6058.97,2806.84,false,0.0
2022-04-01 00:00:00,2024-01-01 00:00:00,21,85,8865.810000000001,0.0,6058.97,2806.84,false,0.0
2022-04-01 00:00:00,2024-02-01 00:00:00,22,85,8865.810000000001,0.0,6058.97,2806.84,false,0.0
2022-04-01 00:00:00,2024-03-01 00:00:00,23,85,8865.810000000001,0.0,6058.97,2806.84,true,2806.84
2022-05-01 00:00:00,2022-05-01 00:00:00,0,78,7130.159999999999,530.12,530.12,6600.04,false,0.0
2022-05-01 00:00:00,2022-06-01 00:00:00,1,78,7130.159999999999,631.1899999999998,1155.9999999999998,5974.16,false,0.0
2022-05-01 00:00:00,2022-07-01 00:00:00,2,78,7130.159999999999,249.57000000000002,1405.57,5724.589999999999,false,0.0
2022-05-01 00:00:00,2022-08-01 00:00:00,3,78,7130.159999999999,442.45,1837.56,5292.6,false,0.0
2022-05-01 00:00:00,2022-09-01 00:00:00,4,78,7130.159999999999,609.6400000000001,2447.2,4682.959999999999,false,0.0
2022-05-01 00:00:00,2022-10-01 00:00:00,5,78,7130.159999999999,755.1300000000001,3202.33,3927.8300000000004,false,0.0
2022-05-01 00:00:00,2022-11-01 00:00:00,6,78,7130.159999999999,270.59000000000003,3472.92,3657.24,false,0.0
2022-05-01 00:00:00,2022-12-01 00:00:00,7,78,7130.159999999999,207.48,3680.4000000000005,3449.76,false,0.0
2022-05-01 00:00:00,2023-01-01 00:00:00,8,78,7130.159999999999,207.70999999999998,3888.11,3242.0499999999997,false,0.0
2022-05-01 00:00:00,2023-02-01 00:00:00,9,78,7130.159999999999,132.71,4020.8199999999997,3109.34,false,0.0
2022-05-01 00:00:00,2023-03-01 00:00:00,10,78,7130.159999999999,174.34,4195.16,2935.0,false,0.0
2022-05-01 00:00:00,2023-04-01 00:00:00,11,78,7130.159999999999,70.12,4265.280000000001,2864.88,false,0.0
2022-05-01 00:00:00,2023-05-01 00:00:00,12,78,7130.159999999999,323.65999999999997,4588.9400000000005,2541.2200000000003,false,0.0
2022-05-01 00:00:00,2023-06-01 00:00:00,13,78,7130.159999999999,190.71000000000004,4779.65,2350.5099999999998,false,0.0
2022-05-01 00:00:00,2023-07-01 00:00:00,14,78,7130.159999999999,134.03,4913.68,2216.48,false,0.0
2022-05-01 00:00:00,2023-08-01 00:00:00,15,78,7130.159999999999,97.87,5011.549999999999,2118.6099999999997,false,0.0
2022-05-01 00:00:00,2023-09-01 00:00:00,16,78,7130.159999999999,163.71,5175.26,1954.8999999999999,false,0.0
2022-05-01 00:00:00,2023-10-01 00:00:00,17,78,7130.159999999999,210.56,5385.82,1744.3400000000001,false,0.0
2022-05-01 00:00:00,2023-11-01 00:00:00,18,78,7130.159999999999,47.5,5433.32,1696.8400000000001,false,0.0
2022-05-01 00:00:00,2023-12-01 00:00:00,19,78,7130.159999999999,21.01,5454.33,1675.8300000000002,false,0.0
2022-05-01 00:00:00,2024-01-01 00:00:00,20,78,7130.159999999999,50.44,5504.7699999999995,1625.39,false,0.0
2022-05-01 00:00:00,2024-02-01 00:00:00,21,78,7130.159999999999,49.37,5554.139999999999,1576.0200000000002,false,0.0
2022-05-01 00:00:00,2024-03-01 00:00:00,22,78,7130.159999999999,0.0,5554.139999999999,1576.0200000000002,false,0.0
2022-05-01 00:00:00,2024-04-01 00:00:00,23,78,7130.159999999999,0.0,5554.139999999999,1576.0200000000002,true,1576.0200000000002
2022-06-01 00:00:00,2022-06-01 00:00:00,0,74,6664.860000000001,439.12,423.45000000000005,6241.41,false,0.0
2022-06-01 00:00:00,2022-07-01 00:00:00,1,74,6664.860000000001,855.9000000000001,1279.35,5385.510000000001,false,0.0
2022-06-01 00:00:00,2022-08-01 00:00:00,2,74,6664.860000000001,589.77,1869.12,4795.740000000001,false,0.0
2022-06-01 00:00:00,2022-09-01 00:00:00,3,74,6664.860000000001,388.69,2223.5199999999995,4441.34,false,0.0
2022-06-01 00:00:00,2022-10-01 00:00:00,4,74,6664.860000000001,397.57000000000005,2621.0899999999997,4043.7700000000004,false,0.0
2022-06-01 00:00:00,2022-11-01 00:00:00,5,74,6664.860000000001,901.9399999999999,3523.0299999999997,3141.83,false,0.0
2022-06-01 00:00:00,2022-12-01 00:00:00,6,74,6664.860000000001,465.35999999999996,3988.3899999999994,2676.4700000000003,false,0.0
2022-06-01 00:00:00,2023-01-01 00:00:00,7,74,6664.860000000001,49.47,4037.859999999999,2627.0,false,0.0
2022-06-01 00:00:00,2023-02-01 00:00:00,8,74,6664.860000000001,115.69,4153.549999999999,2511.3100000000004,false,0.0
2022-06-01 00:00:00,2023-03-01 00:00:00,9,74,6664.860000000001,250.64999999999998,4404.200000000001,2260.66,false,0.0
2022-06-01 00:00:00,2023-04-01 00:00:00,10,74,6664.860000000001,71.3,4475.5,2189.3599999999997,false,0.0
2022-06-01 00:00:00,2023-05-01 00:00:00,11,74,6664.860000000001,242.35,4717.849999999999,1947.01,false,0.0
2022-06-01 00:00:00,2023-06-01 00:00:00,12,74,6664.860000000001,19.55,4737.4,1927.46,false,0.0
2022-06-01 00:00:00,2023-07-01 00:00:00,13,74,6664.860000000001,145.95000000000002,4883.35,1781.5100000000002,false,0.0
2022-06-01 00:00:00,2023-08-01 00:00:00,14,74,6664.860000000001,81.19999999999999,4964.549999999999,1700.3100000000002,false,0.0
2022-06-01 00:00:00,2023-09-01 00:00:00,15,74,6664.860000000001,33.49,4998.039999999999,1666.82,false,0.0
2022-06-01 00:00:00,2023-10-01 00:00:00,16,74,6664.860000000001,23.95,5021.99,1642.87,false,0.0
2022-06-01 00:00:00,2023-11-01 00:00:00,17,74,6664.860000000001,18.5,5040.49,1624.37,false,0.0
2022-06-01 00:00:00,2023-12-01 00:00:00,18,74,6664.860000000001,93.61,5134.099999999999,1530.76,false,0.0
2022-06-01 00:00:00,2024-01-01 00:00:00,19,74,6664.860000000001,220.29,5354.389999999999,1310.47,false,0.0
2022-06-01 00:00:00,2024-02-01 00:00:00,20,74,6664.860000000001,238.16,5592.55,1072.31,false,0.0
2022-06-01 00:00:00,2024-03-01 00:00:00,21,74,6664.860000000001,0.0,5592.55,1072.31,false,0.0
2022-06-01 00:00:00,2024-04-01 00:00:00,22,74,6664.860000000001,0.0,5592.55,1072.31,false,0.0
2022-06-01 00:00:00,2024-05-01 00:00:00,23,74,6664.860000000001,0.0,5592.55,1072.31,true,1072.31
2022-07-01 00:00:00,2022-07-01 00:00:00,0,82,7576.65,509.25,506.63,7070.019999999999,false,0.0
2022-07-01 00:00:00,2022-08-01 00:00:00,1,82,7576.65,728.0400000000001,1224.8200000000002,6351.83,false,0.0
2022-07-01 00:00:00,2022-09-01 00:00:00,2,82,7576.65,530.75,1755.57,5821.08,false,0.0
2022-07-01 00:00:00,2022-10-01 00:00:00,3,82,7576.65,498.7500000000001,2254.32,5322.33,false,0.0
2022-07-01 00:00:00,2022-11-01 00:00:00,4,82,7576.65,600.3399999999999,2854.66,4721.99,false,0.0
2022-07-01 00:00:00,2022-12-01 00:00:00,5,82,7576.65,509.94999999999993,3364.61,4212.04,false,0.0
2022-07-01 00:00:00,2023-01-01 00:00:00,6,82,7576.65,471.81,3836.4200000000005,3740.2299999999996,false,0.0
2022-07-01 00:00:00,2023-02-01 00:00:00,7,82,7576.65,314.57,4150.99,3425.66,false,0.0
2022-07-01 00:00:00,2023-03-01 00:00:00,8,82,7576.65,126.55000000000001,4277.539999999999,3299.11,false,0.0
2022-07-01 00:00:00,2023-04-01 00:00:00,9,82,7576.65,200.87999999999997,4478.419999999999,3098.23,false,0.0
2022-07-01 00:00:00,2023-05-01 00:00:00,10,82,7576.65,156.06000000000003,4634.4800000000005,2942.17,false,0.0
2022-07-01 00:00:00,2023-06-01 00:00:00,11,82,7576.65,141.39,4775.87,2800.7799999999997,false,0.0
2022-07-01 00:00:00,2023-07-01 00:00:00,12,82,7576.65,141.19,4917.06,2659.5899999999992,false,0.0
2022-07-01 00:00:00,2023-08-01 00:00:00,13,82,7576.65,57.45,4974.51,2602.14,false,0.0
2022-07-01 00:00:00,2023-09-01 00:00:00,14,82,7576.65,70.09,5044.6,2532.05,false,0.0
2022-07-01 00:00:00,2023-10-01 00:00:00,15,82,7576.65,171.87,5216.469999999999,2360.18,false,0.0
2022-07-01 00:00:00,2023-11-01 00:00:00,16,82,7576.65,85.58,5302.05,2274.6,false,0.0
2022-07-01 00:00:00,2023-12-01 00:00:00,17,82,7576.65,45.46,5347.51,2229.1400000000003,false,0.0
2022-07-01 00:00:00,2024-01-01 00:00:00,18,82,7576.65,1.75,5349.26,2227.3900000000003,false,0.0
2022-07-01 00:00:00,2024-02-01 00:00:00,19,82,7576.65,30.62,5379.88,2196.77,false,0.0
2022-07-01 00:00:00,2024-03-01 00:00:00,20,82,7576.65,10.93,5390.8099999999995,2185.84,false,0.0
2022-07-01 00:00:00,2024-04-01 00:00:00,21,82,7576.65,0.0,5390.8099999999995,2185.84,false,0.0
2022-07-01 00:00:00,2024-05-01 00:00:00,22,82,7576.65,4.17,5394.98,2181.67,false,0.0
2022-07-01 00:00:00,2024-06-01 00:00:00,23,82,7576.65,0.0,5394.98,2181.67,true,2181.67
2022-08-01 00:00:00,2022-08-01 00:00:00,0,92,7953.73,1125.95,1091.49,6862.24,false,0.0
2022-08-01 00:00:00,2022-09-01 00:00:00,1,92,7953.73,600.19,1691.6799999999998,6262.050000000001,false,0.0
2022-08-01 00:00:00,2022-10-01 00:00:00,2,92,7953.73,735.6099999999999,2361.83,5591.900000000001,false,0.0
2022-08-01 00:00:00,2022-11-01 00:00:00,3,92,7953.73,523.9699999999999,2885.8,5067.93,false,0.0
2022-08-01 00:00:00,2022-12-01 00:00:00,4,92,7953.73,862.03,3747.83,4205.900000000001,false,0.0
2022-08-01 00:00:00,2023-01-01 00:00:00,5,92,7953.73,742.38,4490.21,3463.52,false,0.0
2022-08-01 00:00:00,2023-02-01 00:00:00,6,92,7953.73,616.75,5106.96,2846.77,false,0.0
2022-08-01 00:00:00,2023-03-01 00:00:00,7,92,7953.73,76.97999999999999,5183.9400000000005,2769.7899999999995,false,0.0
2022-08-01 00:00:00,2023-04-01 00:00:00,8,92,7953.73,105.15,5289.09,2664.64,false,0.0
2022-08-01 00:00:00,2023-05-01 00:00:00,9,92,7953.73,187.2,5476.29,2477.4399999999996,false,0.0
2022-08-01 00:00:00,2023-06-01 00:00:00,10,92,7953.73,13.69,5489.9800000000005,2463.75,false,0.0
2022-08-01 00:00:00,2023-07-01 00:00:00,11,92,7953.73,75.34,5565.320000000001,2388.4100000000003,false,0.0
2022-08-01 00:00:00,2023-08-01 00:00:00,12,92,7953.73,151.34,5716.660000000001,2237.07,false,0.0
2022-08-01 00:00:00,2023-09-01 00:00:00,13,92,7953.73,91.89,5808.55,2145.1800000000003,false,0.0
2022-08-01 00:00:00,2023-10-01 00:00:00,14,92,7953.73,122.94,5931.490000000002,2022.2400000000002,false,0.0
2022-08-01 00:00:00,2023-11-01 00:00:00,15,92,7953.73,66.05,5997.540000000001,1956.19,false,0.0
2022-08-01 00:00:00,2023-12-01 00:00:00,16,92,7953.73,46.650000000000006,6044.1900000000005,1909.54,false,0.0
2022-08-01 00:00:00,2024-01-01 00:00:00,17,92,7953.73,72.5,6116.6900000000005,1837.04,false,0.0
2022-08-01 00:00:00,2024-02-01 00:00:00,18,92,7953.73,0.0,6116.6900000000005,1837.04,false,0.0
2022-08-01 00:00:00,2024-03-01 00:00:00,19,92,7953.73,0.0,6116.6900000000005,1837.04,false,0.0
2022-08-01 00:00:00,2024-04-01 00:00:00,20,92,7953.73,318.7,6435.390000000001,1518.3400000000001,false,0.0
2022-08-01 00:00:00,2024-05-01 00:00:00,21,92,7953.73,0.0,6435.390000000001,1518.3400000000001,false,0.0
2022-08-01 00:00:00,2024-06-01 00:00:00,22,92,7953.73,0.0,6435.390000000001,1518.3400000000001,false,0.0
2022-08-01 00:00:00,2024-07-01 00:00:00,23,92,7953.73,0.0,6435.390000000001,1518.3400000000001,true,1518.3400000000001
2022-09-01 00:00:00,2022-09-01 00:00:00,0,85,7605.330000000001,936.55,931.9599999999998,6673.37,false,0.0
2022-09-01 00:00:00,2022-10-01 00:00:00,1,85,7605.330000000001,565.48,1494.01,6111.32,false,0.0
2022-09-01 00:00:00,2022-11-01 00:00:00,2,85,7605.330000000001,731.8199999999999,2210.75,5394.58,false,0.0
2022-09-01 00:00:00,2022-12-01 00:00:00,3,85,7605.330000000001,536.7,2747.45,4857.88,false,0.0
2022-09-01 00:00:00,2023-01-01 00:00:00,4,85,7605.330000000001,779.5100000000001,3526.9599999999996,4078.37,false,0.0
2022-09-01 00:00:00,2023-02-01 00:00:00,5,85,7605.330000000001,1058.4599999999998,4585.42,3019.9100000000003,false,0.0
2022-09-01 00:00:00,2023-03-01 00:00:00,6,85,7605.330000000001,149.12,4734.54,2870.79,false,0.0
2022-09-01 00:00:00,2023-04-01 00:00:00,7,85,7605.330000000001,187.7,4922.24,2683.09,false,0.0
2022-09-01 00:00:00,2023-05-01 00:00:00,8,85,7605.330000000001,187.21,5109.450000000001,2495.88,false,0.0
2022-09-01 00:00:00,2023-06-01 00:00:00,9,85,7605.330000000001,163.65,5273.099999999999,2332.2299999999996,false,0.0
2022-09-01 00:00:00,2023-07-01 00:00:00,10,85,7605.330000000001,76.53,5349.629999999999,2255.7,false,0.0
2022-09-01 00:00:00,2023-08-01 00:00:00,11,85,7605.330000000001,78.31,5427.94,2177.39,false,0.0
2022-09-01 00:00:00,2023-09-01 00:00:00,12,85,7605.330000000001,423.53999999999996,5851.479999999999,1753.8499999999997,false,0.0
2022-09-01 00:00:00,2023-10-01 00:00:00,13,85,7605.330000000001,181.48999999999998,6032.969999999999,1572.36,false,0.0
2022-09-01 00:00:00,2023-11-01 00:00:00,14,85,7605.330000000001,175.36999999999998,6208.339999999999,1396.99,false,0.0
2022-09-01 00:00:00,2023-12-01 00:00:00,15,85,7605.330000000001,97.59000000000002,6305.9299999999985,1299.3999999999999,false,0.0
2022-09-01 00:00:00,2024-01-01 00:00:00,16,85,7605.330000000001,67.9,6373.829999999999,1231.5,false,0.0
2022-09-01 00:00:00,2024-02-01 00:00:00,17,85,7605.330000000001,0.0,6373.829999999999,1231.5,false,0.0
2022-09-01 00:00:00,2024-03-01 00:00:00,18,85,7605.330000000001,7.63,6381.459999999999,1223.8700000000001,false,0.0
2022-09-01 00:00:00,2024-04-01 00:00:00,19,85,7605.330000000001,0.0,6381.459999999999,1223.8700000000001,false,0.0
2022-09-01 00:00:00,2024-05-01 00:00:00,20,85,7605.330000000001,36.97,6418.429999999999,1186.9,false,0.0
2022-09-01 00:00:00,2024-06-01 00:00:00,21,85,7605.330000000001,0.0,6418.429999999999,1186.9,false,0.0
2022-09-01 00:00:00,2024-07-01 00:00:00,22,85,7605.330000000001,0.0,6418.429999999999,1186.9,false,0.0
2022-09-01 00:00:00,2024-08-01 00:00:00,23,85,7605.330000000001,0.0,6418.429999999999,1186.9,true,1186.9
2022-10-01 00:00:00,2022-10-01 00:00:00,0,98,8374.44,305.01,301.03,8073.410000000001,false,0.0
2022-10-01 00:00:00,2022-11-01 00:00:00,1,98,8374.44,709.02,1008.42,7366.02,false,0.0
2022-10-01 00:00:00,2022-12-01 00:00:00,2,98,8374.44,627.69,1636.1100000000001,6738.330000000002,false,0.0
2022-10-01 00:00:00,2023-01-01 00:00:00,3,98,8374.44,818.86,2439.9599999999996,5934.4800000000005,false,0.0
2022-10-01 00:00:00,2023-02-01 00:00:00,4,98,8374.44,603.99,3043.95,5330.489999999999,false,0.0
2022-10-01 00:00:00,2023-03-01 00:00:00,5,98,8374.44,677.5300000000001,3721.4799999999996,4652.96,false,0.0
2022-10-01 00:00:00,2023-04-01 00:00:00,6,98,8374.44,663.57,4385.049999999999,3989.39,false,0.0
2022-10-01 00:00:00,2023-05-01 00:00:00,7,98,8374.44,228.7,4613.75,3760.6900000000005,false,0.0
2022-10-01 00:00:00,2023-06-01 00:00:00,8,98,8374.44,122.53999999999999,4736.29,3638.1500000000005,false,0.0
2022-10-01 00:00:00,2023-07-01 00:00:00,9,98,8374.44,70.66,4806.95,3567.4900000000002,false,0.0
2022-10-01 00:00:00,2023-08-01 00:00:00,10,98,8374.44,143.75000000000003,4950.700000000001,3423.7400000000007,false,0.0
2022-10-01 00:00:00,2023-09-01 00:00:00,11,98,8374.44,169.60999999999999,5120.3099999999995,3254.13,false,0.0
2022-10-01 00:00:00,2023-10-01 00:00:00,12,98,8374.44,318.90999999999997,5439.219999999999,2935.2200000000003,false,0.0
2022-10-01 00:00:00,2023-11-01 00:00:00,13,98,8374.44,78.82,5518.039999999999,2856.4,false,0.0
2022-10-01 00:00:00,2023-12-01 00:00:00,14,98,8374.44,7.23,5525.2699999999995,2849.17,false,0.0
2022-10-01 00:00:00,2024-01-01 00:00:00,15,98,8374.44,182.33,5707.6,2666.84,false,0.0
2022-10-01 00:00:00,2024-02-01 00:00:00,16,98,8374.44,349.67999999999995,6057.280000000001,2317.16,false,0.0
2022-10-01 00:00:00,2024-03-01 00:00:00,17,98,8374.44,216.34,6273.620000000001,2100.82,false,0.0
2022-10-01 00:00:00,2024-04-01 00:00:00,18,98,8374.44,203.61,6477.2300000000005,1897.21,false,0.0
2022-10-01 00:00:00,2024-05-01 00:00:00,19,98,8374.44,36.1,6513.33,1861.1100000000001,false,0.0
2022-10-01 00:00:00,2024-06-01 00:00:00,20,98,8374.44,0.0,6513.33,1861.1100000000001,false,0.0
2022-10-01 00:00:00,2024-07-01 00:00:00,21,98,8374.44,0.0,6513.33,1861.1100000000001,false,0.0
2022-10-01 00:00:00,2024-08-01 00:00:00,22,98,8374.44,0.0,6513.33,1861.1100000000001,false,0.0
2022-10-01 00:00:00,2024-09-01 00:00:00,23,98,8374.44,0.0,6513.33,1861.1100000000001,true,1861.1100000000001
2022-11-01 00:00:00,2022-11-01 00:00:00,0,90,9048.080000000002,979.49,948.6400000000001,8099.440000000001,false,0.0
2022-11-01 00:00:00,2022-12-01 00:00:00,1,90,9048.080000000002,539.73,1473.55,7574.530000000001,false,0.0
2022-11-01 00:00:00,2023-01-01 00:00:00,2,90,9048.080000000002,1052.85,2526.4000000000005,6521.68,false,0.0
2022-11-01 00:00:00,2023-02-01 00:00:00,3,90,9048.080000000002,989.07,3515.4700000000003,5532.61,false,0.0
2022-11-01 00:00:00,2023-03-01 00:00:00,4,90,9048.080000000002,563.5,4078.9699999999993,4969.110000000001,false,0.0
2022-11-01 00:00:00,2023-04-01 00:00:00,5,90,9048.080000000002,781.55,4860.5199999999995,4187.56,false,0.0
2022-11-01 00:00:00,2023-05-01 00:00:00,6,90,9048.080000000002,1037.3,5897.820000000001,3150.2599999999993,false,0.0
2022-11-01 00:00:00,2023-06-01 00:00:00,7,90,9048.080000000002,162.26,6060.08,2988.0,false,0.0
2022-11-01 00:00:00,2023-07-01 00:00:00,8,90,9048.080000000002,132.01,6192.09,2855.99,false,0.0
2022-11-01 00:00:00,2023-08-01 00:00:00,9,90,9048.080000000002,332.59000000000003,6524.68,2523.3999999999996,false,0.0
2022-11-01 00:00:00,2023-09-01 00:00:00,10,90,9048.080000000002,221.10000000000002,6745.779999999999,2302.3,false,0.0
2022-11-01 00:00:00,2023-10-01 00:00:00,11,90,9048.080000000002,125.44,6871.219999999999,2176.86,false,0.0
2022-11-01 00:00:00,2023-11-01 00:00:00,12,90,9048.080000000002,259.04,7130.26,1917.8200000000002,false,0.0
2022-11-01 00:00:00,2023-12-01 00:00:00,13,90,9048.080000000002,163.70000000000002,7293.960000000001,1754.12,false,0.0
2022-11-01 00:00:00,2024-01-01 00:00:00,14,90,9048.080000000002,141.21,7435.170000000001,1612.91,false,0.0
2022-11-01 00:00:00,2024-02-01 00:00:00,15,90,9048.080000000002,0.0,7435.170000000001,1612.91,false,0.0
2022-11-01 00:00:00,2024-03-01 00:00:00,16,90,9048.080000000002,0.0,7435.170000000001,1612.91,false,0.0
2022-11-01 00:00:00,2024-04-01 00:00:00,17,90,9048.080000000002,15.52,7450.6900000000005,1597.39,false,0.0
2022-11-01 00:00:00,2024-05-01 00:00:00,18,90,9048.080000000002,18.08,7468.77,1579.31,false,0.0
2022-11-01 00:00:00,2024-06-01 00:00:00,19,90,9048.080000000002,74.67,7543.4400000000005,1504.6399999999999,false,0.0
2022-11-01 00:00:00,2024-07-01 00:00:00,20,90,9048.080000000002,23.39,7566.830000000001,1481.25,false,0.0
2022-11-01 00:00:00,2024-08-01 00:00:00,21,90,9048.080000000002,0.0,7566.830000000001,1481.25,false,0.0
2022-11-01 00:00:00,2024-09-01 00:00:00,22,90,9048.080000000002,0.0,7566.830000000001,1481.25,false,0.0
2022-11-01 00:00:00,2024-10-01 00:00:00,23,90,9048.080000000002,0.0,7566.830000000001,1481.25,true,1481.25
2022-12-01 00:00:00,2022-12-01 00:00:00,0,94,8945.400000000001,1345.8,1306.77,7638.630000000001,false,0.0
2022-12-01 00:00:00,2023-01-01 00:00:00,1,94,8945.400000000001,849.87,2156.64,6788.76,false,0.0
2022-12-01 00:00:00,2023-02-01 00:00:00,2,94,8945.400000000001,755.2,2903.28,6042.12,false,0.0
2022-12-01 00:00:00,2023-03-01 00:00:00,3,94,8945.400000000001,1254.37,4095.83,4849.57,false,0.0
2022-12-01 00:00:00,2023-04-01 00:00:00,4,94,8945.400000000001,643.0,4738.83,4206.57,false,0.0
2022-12-01 00:00:00,2023-05-01 00:00:00,5,94,8945.400000000001,470.39,5209.22,3736.1800000000003,false,0.0
2022-12-01 00:00:00,2023-06-01 00:00:00,6,94,8945.400000000001,139.47,5348.6900000000005,3596.71,false,0.0
2022-12-01 00:00:00,2023-07-01 00:00:00,7,94,8945.400000000001,283.41999999999996,5632.110000000001,3313.2900000000004,false,0.0
2022-12-01 00:00:00,2023-08-01 00:00:00,8,94,8945.400000000001,357.05,5989.160000000001,2956.24,false,0.0
2022-12-01 00:00:00,2023-09-01 00:00:00,9,94,8945.400000000001,59.730000000000004,6048.89,2896.51,false,0.0
2022-12-01 00:00:00,2023-10-01 00:00:00,10,94,8945.400000000001,101.72999999999999,6150.62,2794.78,false,0.0
2022-12-01 00:00:00,2023-11-01 00:00:00,11,94,8945.400000000001,169.56,6320.179999999999,2625.2200000000003,false,0.0
2022-12-01 00:00:00,2023-12-01 00:00:00,12,94,8945.400000000001,100.58999999999999,6420.7699999999995,2524.6299999999997,false,0.0
2022-12-01 00:00:00,2024-01-01 00:00:00,13,94,8945.400000000001,257.95,6678.719999999999,2266.6800000000003,false,0.0
2022-12-01 00:00:00,2024-02-01 00:00:00,14,94,8945.400000000001,165.26,6843.98,2101.42,false,0.0
2022-12-01 00:00:00,2024-03-01 00:00:00,15,94,8945.400000000001,110.72,6954.7,1990.7,false,0.0
2022-12-01 00:00:00,2024-04-01 00:00:00,16,94,8945.400000000001,25.659999999999997,6980.36,1965.04,false,0.0
2022-12-01 00:00:00,2024-05-01 00:00:00,17,94,8945.400000000001,335.38,7315.740000000001,1629.6600000000003,false,0.0
2022-12-01 00:00:00,2024-06-01 00:00:00,18,94,8945.400000000001,186.41,7502.150000000001,1443.25,false,0.0
2022-12-01 00:00:00,2024-07-01 00:00:00,19,94,8945.400000000001,6.87,7509.02,1436.3799999999999,false,0.0
2022-12-01 00:00:00,2024-08-01 00:00:00,20,94,8945.400000000001,0.0,7509.02,1436.3799999999999,false,0.0
2022-12-01 00:00:00,2024-09-01 00:00:00,21,94,8945.400000000001,0.0,7509.02,1436.3799999999999,false,0.0
2022-12-01 00:00:00,2024-10-01 00:00:00,22,94,8945.400000000001,0.0,7509.02,1436.3799999999999,false,0.0
2022-12-01 00:00:00,2024-11-01 00:00:00,23,94,8945.400000000001,0.0,7509.02,1436.3799999999999,true,1436.3799999999999
2023-01-01 00:00:00,2023-01-01 00:00:00,0,77,7452.62,391.03999999999996,391.03999999999996,7061.58,false,0.0
2023-01-01 00:00:00,2023-02-01 00:00:00,1,77,7452.62,329.84,718.63,6733.990000000001,false,0.0
2023-01-01 00:00:00,2023-03-01 00:00:00,2,77,7452.62,843.3,1522.0,5930.619999999999,false,0.0
2023-01-01 00:00:00,2023-04-01 00:00:00,3,77,7452.62,577.2,2099.2,5353.42,false,0.0
2023-01-01 00:00:00,2023-05-01 00:00:00,4,77,7452.62,722.29,2821.4900000000002,4631.13,false,0.0
2023-01-01 00:00:00,2023-06-01 00:00:00,5,77,7452.62,361.55,3183.04,4269.58,false,0.0
2023-01-01 00:00:00,2023-07-01 00:00:00,6,77,7452.62,923.3799999999999,4106.419999999999,3346.2,false,0.0
2023-01-01 00:00:00,2023-08-01 00:00:00,7,77,7452.62,160.91,4267.33,3185.29,false,0.0
2023-01-01 00:00:00,2023-09-01 00:00:00,8,77,7452.62,183.52,4450.849999999999,3001.77,false,0.0
2023-01-01 00:00:00,2023-10-01 00:00:00,9,77,7452.62,237.2,4688.05,2764.5700000000006,false,0.0
2023-01-01 00:00:00,2023-11-01 00:00:00,10,77,7452.62,125.36999999999999,4813.419999999999,2639.2000000000003,false,0.0
2023-01-01 00:00:00,2023-12-01 00:00:00,11,77,7452.62,64.97,4878.389999999999,2574.2300000000005,false,0.0
2023-01-01 00:00:00,2024-01-01 00:00:00,12,77,7452.62,267.03000000000003,5145.419999999999,2307.2000000000003,false,0.0
2023-01-01 00:00:00,2024-02-01 00:00:00,13,77,7452.62,124.40999999999998,5269.83,2182.79,false,0.0
2023-01-01 00:00:00,2024-03-01 00:00:00,14,77,7452.62,91.53,5361.360000000001,2091.26,false,0.0
2023-01-01 00:00:00,2024-04-01 00:00:00,15,77,7452.62,140.82,5502.18,1950.44,false,0.0
2023-01-01 00:00:00,2024-05-01 00:00:00,16,77,7452.62,18.33,5520.51,1932.1100000000001,false,0.0
2023-01-01 00:00:00,2024-06-01 00:00:00,17,77,7452.62,8.23,5528.74,1923.88,false,0.0
2023-01-01 00:00:00,2024-07-01 00:00:00,18,77,7452.62,3.49,5532.23,1920.3899999999999,false,0.0
2023-01-01 00:00:00,2024-08-01 00:00:00,19,77,7452.62,54.8,5587.03,1865.59,false,0.0
2023-01-01 00:00:00,2024-09-01 00:00:00,20,77,7452.62,0.0,5587.03,1865.59,false,0.0
2023-01-01 00:00:00,2024-10-01 00:00:00,21,77,7452.62,0.0,5587.03,1865.59,false,0.0
2023-01-01 00:00:00,2024-11-01 00:00:00,22,77,7452.62,0.0,5587.03,1865.59,false,0.0
2023-01-01 00:00:00,2024-12-01 00:00:00,23,77,7452.62,0.0,5587.03,1865.59,true,1865.59
2023-02-01 00:00:00,2023-02-01 00:00:00,0,78,8298.29,713.26,701.1700000000001,7597.12,false,0.0
2023-02-01 00:00:00,2023-03-01 00:00:00,1,78,8298.29,1073.76,1727.97,6570.32,false,0.0
2023-02-01 00:00:00,2023-04-01 00:00:00,2,78,8298.29,489.98,2217.95,6080.34,false,0.0
2023-02-01 00:00:00,2023-05-01 00:00:00,3,78,8298.29,683.1,2891.74,5406.549999999999,false,0.0
2023-02-01 00:00:00,2023-06-01 00:00:00,4,78,8298.29,530.31,3422.05,4876.24,false,0.0
2023-02-01 00:00:00,2023-07-01 00:00:00,5,78,8298.29,854.79,4276.84,4021.45,false,0.0
2023-02-01 00:00:00,2023-08-01 00:00:00,6,78,8298.29,675.8500000000001,4952.69,3345.6,false,0.0
2023-02-01 00:00:00,2023-09-01 00:00:00,7,78,8298.29,0.0,4952.69,3345.6,false,0.0
2023-02-01 00:00:00,2023-10-01 00:00:00,8,78,8298.29,147.78,5100.47,3197.82,false,0.0
2023-02-01 00:00:00,2023-11-01 00:00:00,9,78,8298.29,91.77000000000001,5192.24,3106.0499999999997,false,0.0
2023-02-01 00:00:00,2023-12-01 00:00:00,10,78,8298.29,148.99,5341.2300000000005,2957.06,false,0.0
2023-02-01 00:00:00,2024-01-01 00:00:00,11,78,8298.29,11.59,5352.82,2945.47,false,0.0
2023-02-01 00:00:00,2024-02-01 00:00:00,12,78,8298.29,52.83,5405.65,2892.64,false,0.0
2023-02-01 00:00:00,2024-03-01 00:00:00,13,78,8298.29,333.38999999999993,5739.04,2559.2499999999995,false,0.0
2023-02-01 00:00:00,2024-04-01 00:00:00,14,78,8298.29,461.08000000000004,6200.12,2098.17,false,0.0
2023-02-01 00:00:00,2024-05-01 00:00:00,15,78,8298.29,121.63,6321.75,1976.5399999999997,false,0.0
2023-02-01 00:00:00,2024-06-01 00:00:00,16,78,8298.29,128.46,6450.209999999999,1848.08,false,0.0
2023-02-01 00:00:00,2024-07-01 00:00:00,17,78,8298.29,38.0,6488.209999999999,1810.08,false,0.0
2023-02-01 00:00:00,2024-08-01 00:00:00,18,78,8298.29,5.28,6493.49,1804.8,false,0.0
2023-02-01 00:00:00,2024-09-01 00:00:00,19,78,8298.29,101.64,6595.129999999999,1703.1599999999999,false,0.0
2023-02-01 00:00:00,2024-10-01 00:00:00,20,78,8298.29,69.28,6664.41,1633.8799999999999,false,0.0
2023-02-01 00:00:00,2024-11-01 00:00:00,21,78,8298.29,0.0,6664.41,1633.8799999999999,false,0.0
2023-02-01 00:00:00,2024-12-01 00:00:00,22,78,8298.29,0.0,6664.41,1633.8799999999999,false,0.0
2023-02-01 00:00:00,2025-01-01 00:00:00,23,78,8298.29,0.0,6664.41,1633.8799999999999,true,1633.8799999999999
2023-03-01 00:00:00,2023-03-01 00:00:00,0,90,9387.410000000002,683.66,683.66,8703.75,false,0.0
2023-03-01 00:00:00,2023-04-01 00:00:00,1,90,9387.410000000002,593.5600000000001,1265.3899999999999,8122.0199999999995,false,0.0
2023-03-01 00:00:00,2023-05-01 00:00:00,2,90,9387.410000000002,845.82,2101.71,7285.700000000001,false,0.0
2023-03-01 00:00:00,2023-06-01 00:00:00,3,90,9387.410000000002,1114.7599999999998,3216.4700000000003,6170.9400000000005,false,0.0
2023-03-01 00:00:00,2023-07-01 00:00:00,4,90,9387.410000000002,471.2200000000001,3687.69,5699.72,false,0.0
2023-03-01 00:00:00,2023-08-01 00:00:00,5,90,9387.410000000002,821.14,4508.83,4878.58,false,0.0
2023-03-01 00:00:00,2023-09-01 00:00:00,6,90,9387.410000000002,220.20000000000002,4729.030000000001,4658.38,false,0.0
2023-03-01 00:00:00,2023-10-01 00:00:00,7,90,9387.410000000002,227.42,4956.450000000001,4430.96,false,0.0
2023-03-01 00:00:00,2023-11-01 00:00:00,8,90,9387.410000000002,297.67999999999995,5254.13,4133.28,false,0.0
2023-03-01 00:00:00,2023-12-01 00:00:00,9,90,9387.410000000002,211.87,5466.0,3921.41,false,0.0
2023-03-01 00:00:00,2024-01-01 00:00:00,10,90,9387.410000000002,82.42999999999999,5548.43,3838.98,false,0.0
2023-03-01 00:00:00,2024-02-01 00:00:00,11,90,9387.410000000002,185.48000000000002,5733.910000000001,3653.4999999999995,false,0.0
2023-03-01 00:00:00,2024-03-01 00:00:00,12,90,9387.410000000002,245.25,5979.160000000001,3408.2499999999995,false,0.0
2023-03-01 00:00:00,2024-04-01 00:00:00,13,90,9387.410000000002,247.48000000000002,6226.639999999999,3160.77,false,0.0
2023-03-01 00:00:00,2024-05-01 00:00:00,14,90,9387.410000000002,233.37999999999997,6460.02,2927.3900000000003,false,0.0
2023-03-01 00:00:00,2024-06-01 00:00:00,15,90,9387.410000000002,21.43,6481.449999999999,2905.96,false,0.0
2023-03-01 00:00:00,2024-07-01 00:00:00,16,90,9387.410000000002,44.36,6525.8099999999995,2861.6000000000004,false,0.0
2023-03-01 00:00:00,2024-08-01 00:00:00,17,90,9387.410000000002,139.17,6664.98,2722.4300000000003,false,0.0
2023-03-01 00:00:00,2024-09-01 00:00:00,18,90,9387.410000000002,23.82,6688.799999999999,2698.61,false,0.0
2023-03-01 00:00:00,2024-10-01 00:00:00,19,90,9387.410000000002,191.0,6879.799999999999,2507.61,false,0.0
2023-03-01 00:00:00,2024-11-01 00:00:00,20,90,9387.410000000002,257.13,7136.93,2250.48,false,0.0
2023-03-01 00:00:00,2024-12-01 00:00:00,21,90,9387.410000000002,0.0,7136.93,2250.48,false,0.0
2023-03-01 00:00:00,2025-01-01 00:00:00,22,90,9387.410000000002,0.0,7136.93,2250.48,false,0.0
2023-03-01 00:00:00,2025-02-01 00:00:00,23,90,9387.410000000002,0.0,7136.93,2250.48,true,2250.48
2023-04-01 00:00:00,2023-04-01 00:00:00,0,93,9008.45,730.6800000000001,713.04,8295.41,false,0.0
2023-04-01 00:00:00,2023-05-01 00:00:00,1,93,9008.45,1094.75,1781.81,7226.640000000001,false,0.0
2023-04-01 00:00:00,2023-06-01 00:00:00,2,93,9008.45,671.4000000000001,2453.21,6555.24,false,0.0
2023-04-01 00:00:00,2023-07-01 00:00:00,3,93,9008.45,732.3,3171.46,5836.990000000001,false,0.0
2023-04-01 00:00:00,2023-08-01 00:00:00,4,93,9008.45,574.9300000000001,3746.3900000000003,5262.0599999999995,false,0.0
2023-04-01 00:00:00,2023-09-01 00:00:00,5,93,9008.45,1061.99,4808.379999999999,4200.070000000001,false,0.0
2023-04-01 00:00:00,2023-10-01 00:00:00,6,93,9008.45,535.01,5343.39,3665.0599999999995,false,0.0
2023-04-01 00:00:00,2023-11-01 00:00:00,7,93,9008.45,254.74,5598.129999999999,3410.32,false,0.0
2023-04-01 00:00:00,2023-12-01 00:00:00,8,93,9008.45,162.45,5760.58,3247.87,false,0.0
2023-04-01 00:00:00,2024-01-01 00:00:00,9,93,9008.45,122.3,5882.879999999999,3125.57,false,0.0
2023-04-01 00:00:00,2024-02-01 00:00:00,10,93,9008.45,146.91,6029.79,2978.66,false,0.0
2023-04-01 00:00:00,2024-03-01 00:00:00,11,93,9008.45,263.58000000000004,6293.37,2715.0800000000004,false,0.0
2023-04-01 00:00:00,2024-04-01 00:00:00,12,93,9008.45,226.89999999999998,6520.269999999999,2488.1800000000003,false,0.0
2023-04-01 00:00:00,2024-05-01 00:00:00,13,93,9008.45,505.61,7025.88,1982.5700000000002,false,0.0
2023-04-01 00:00:00,2024-06-01 00:00:00,14,93,9008.449999999999,44.97,7070.85,1937.6000000000001,false,0.0
2023-04-01 00:00:00,2024-07-01 00:00:00,15,93,9008.449999999999,65.78999999999999,7136.64,1871.81,false,0.0
2023-04-01 00:00:00,2024-08-01 00:00:00,16,93,9008.449999999999,0.0,7136.64,1871.81,false,0.0
2023-04-01 00:00:00,2024-09-01 00:00:00,17,93,9008.449999999999,46.42,7183.06,1825.39,false,0.0
2023-04-01 00:00:00,2024-10-01 00:00:00,18,93,9008.449999999999,9.5,7192.56,1815.89,false,0.0
2023-04-01 00:00:00,2024-11-01 00:00:00,19,93,9008.449999999999,54.5,7247.06,1761.3900000000003,false,0.0
2023-04-01 00:00:00,2024-12-01 00:00:00,20,93,9008.449999999999,0.0,7247.06,1761.3900000000003,false,0.0
2023-04-01 00:00:00,2025-01-01 00:00:00,21,93,9008.449999999999,0.0,7247.06,1761.3900000000003,false,0.0
2023-04-01 00:00:00,2025-02-01 00:00:00,22,93,9008.45,0.0,7247.06,1761.39,false,0.0
2023-04-01 00:00:00,2025-03-01 00:00:00,23,93,9008.45,0.0,7247.06,1761.39,true,1761.39
2023-05-01 00:00:00,2023-05-01 00:00:00,0,83,7629.280000000001,704.97,675.8199999999999,6953.46,false,0.0
2023-05-01 00:00:00,2023-06-01 00:00:00,1,83,7629.280000000001,723.01,1390.23,6239.05,false,0.0
2023-05-01 00:00:00,2023-07-01 00:00:00,2,83,7629.280000000001,356.43999999999994,1746.67,5882.610000000001,false,0.0
2023-05-01 00:00:00,2023-08-01 00:00:00,3,83,7629.280000000001,738.4399999999999,2467.58,5161.7,false,0.0
2023-05-01 00:00:00,2023-09-01 00:00:00,4,83,7629.280000000001,686.4000000000001,3153.98,4475.3,false,0.0
2023-05-01 00:00:00,2023-10-01 00:00:00,5,83,7629.280000000001,510.01000000000005,3663.9900000000002,3965.29,false,0.0
2023-05-01 00:00:00,2023-11-01 00:00:00,6,83,7629.280000000001,206.51999999999998,3870.5099999999998,3758.7699999999995,false,0.0
2023-05-01 00:00:00,2023-12-01 00:00:00,7,83,7629.280000000001,120.38,3990.89,3638.3900000000003,false,0.0
2023-05-01 00:00:00,2024-01-01 00:00:00,8,83,7629.280000000001,88.5,4079.39,3549.89,false,0.0
2023-05-01 00:00:00,2024-02-01 00:00:00,9,83,7629.280000000001,111.99000000000001,4191.38,3437.9,false,0.0
2023-05-01 00:00:00,2024-03-01 00:00:00,10,83,7629.280000000001,62.620000000000005,4254.0,3375.2799999999997,false,0.0
2023-05-01 00:00:00,2024-04-01 00:00:00,11,83,7629.280000000001,38.08,4292.08,3337.2,false,0.0
2023-05-01 00:00:00,2024-05-01 00:00:00,12,83,7629.280000000001,74.89000000000001,4366.97,3262.3099999999995,false,0.0
2023-05-01 00:00:00,2024-06-01 00:00:00,13,83,7629.280000000001,33.32,4400.29,3228.99,false,0.0
2023-05-01 00:00:00,2024-07-01 00:00:00,14,83,7629.280000000001,360.43,4760.719999999999,2868.5600000000004,false,0.0
2023-05-01 00:00:00,2024-08-01 00:00:00,15,83,7629.280000000001,130.49,4891.209999999999,2738.0699999999997,false,0.0
2023-05-01 00:00:00,2024-09-01 00:00:00,16,83,7629.280000000001,19.18,4910.389999999999,2718.89,false,0.0
2023-05-01 00:00:00,2024-10-01 00:00:00,17,83,7629.280000000001,69.14,4979.530000000001,2649.75,false,0.0
2023-05-01 00:00:00,2024-11-01 00:00:00,18,83,7629.280000000001,195.37,5174.9,2454.38,false,0.0
2023-05-01 00:00:00,2024-12-01 00:00:00,19,83,7629.280000000001,112.92,5287.820000000001,2341.46,false,0.0
2023-05-01 00:00:00,2025-01-01 00:00:00,20,83,7629.280000000001,0.0,5287.820000000001,2341.46,false,0.0
2023-05-01 00:00:00,2025-02-01 00:00:00,21,83,7629.280000000001,0.0,5287.820000000001,2341.46,false,0.0
2023-05-01 00:00:00,2025-03-01 00:00:00,22,83,7629.280000000001,0.0,5287.820000000001,2341.46,false,0.0
2023-05-01 00:00:00,2025-04-01 00:00:00,23,83,7629.280000000001,0.0,5287.820000000001,2341.46,true,2341.46
2023-06-01 00:00:00,2023-06-01 00:00:00,0,76,7532.66,836.78,818.19,6714.470000000001,false,0.0
2023-06-01 00:00:00,2023-07-01 00:00:00,1,76,7532.66,641.35,1459.54,6073.120000000001,false,0.0
2023-06-01 00:00:00,2023-08-01 00:00:00,2,76,7532.66,396.75,1847.77,5684.890000000001,false,0.0
2023-06-01 00:00:00,2023-09-01 00:00:00,3,76,7532.66,766.7,2614.47,4918.19,false,0.0
2023-06-01 00:00:00,2023-10-01 00:00:00,4,76,7532.66,294.84999999999997,2909.32,4623.34,false,0.0
2023-06-01 00:00:00,2023-11-01 00:00:00,5,76,7532.66,516.11,3425.43,4107.23,false,0.0
2023-06-01 00:00:00,2023-12-01 00:00:00,6,76,7532.66,505.03,3930.46,3602.2000000000003,false,0.0
2023-06-01 00:00:00,2024-01-01 00:00:00,7,76,7532.66,316.44,4246.9,3285.7599999999998,false,0.0
2023-06-01 00:00:00,2024-02-01 00:00:00,8,76,7532.66,214.96,4461.86,3070.8,false,0.0
2023-06-01 00:00:00,2024-03-01 00:00:00,9,76,7532.66,65.43,4527.29,3005.37,false,0.0
2023-06-01 00:00:00,2024-04-01 00:00:00,10,76,7532.66,72.33,4599.619999999999,2933.04,false,0.0
2023-06-01 00:00:00,2024-05-01 00:00:00,11,76,7532.66,150.42,4750.04,2782.62,false,0.0
2023-06-01 00:00:00,2024-06-01 00:00:00,12,76,7532.66,241.24,4991.280000000001,2541.38,false,0.0
2023-06-01 00:00:00,2024-07-01 00:00:00,13,76,7532.66,134.16,5125.4400000000005,2407.22,false,0.0
2023-06-01 00:00:00,2024-08-01 00:00:00,14,76,7532.66,276.69,5402.13,2130.5299999999997,false,0.0
2023-06-01 00:00:00,2024-09-01 00:00:00,15,76,7532.66,14.49,5416.62,2116.04,false,0.0
2023-06-01 00:00:00,2024-10-01 00:00:00,16,76,7532.66,8.53,5425.15,2107.51,false,0.0
2023-06-01 00:00:00,2024-11-01 00:00:00,17,76,7532.66,0.0,5425.15,2107.51,false,0.0
2023-06-01 00:00:00,2024-12-01 00:00:00,18,76,7532.66,12.98,5438.13,2094.53,false,0.0
2023-06-01 00:00:00,2025-01-01 00:00:00,19,76,7532.66,0.0,5438.13,2094.53,false,0.0
2023-06-01 00:00:00,2025-02-01 00:00:00,20,76,7532.66,0.0,5438.13,2094.53,false,0.0
2023-06-01 00:00:00,2025-03-01 00:00:00,21,76,7532.66,0.0,5438.13,2094.53,false,0.0
2023-06-01 00:00:00,2025-04-01 00:00:00,22,76,7532.66,0.0,5438.13,2094.53,false,0.0
2023-06-01 00:00:00,2025-05-01 00:00:00,23,76,7532.66,0.0,5438.13,2094.53,true,2094.53
2023-07-01 00:00:00,2023-07-01 00:00:00,0,81,7783.860000000001,1417.69,1417.69,6366.17,false,0.0
2023-07-01 00:00:00,2023-08-01 00:00:00,1,81,7783.860000000001,1107.0,2499.46,5284.4,false,0.0
2023-07-01 00:00:00,2023-09-01 00:00:00,2,81,7783.860000000001,524.1400000000001,3023.6,4760.26,false,0.0
2023-07-01 00:00:00,2023-10-01 00:00:00,3,81,7783.860000000001,450.12,3458.08,4325.78,false,0.0
2023-07-01 00:00:00,2023-11-01 00:00:00,4,81,7783.860000000001,422.48999999999995,3880.5699999999997,3903.2899999999995,false,0.0
2023-07-01 00:00:00,2023-12-01 00:00:00,5,81,7783.860000000001,231.67,4112.24,3671.62,false,0.0
2023-07-01 00:00:00,2024-01-01 00:00:00,6,81,7783.860000000001,640.3800000000001,4752.62,3031.2400000000002,false,0.0
2023-07-01 00:00:00,2024-02-01 00:00:00,7,81,7783.860000000001,140.2,4892.82,2891.0399999999995,false,0.0
2023-07-01 00:00:00,2024-03-01 00:00:00,8,81,7783.860000000001,167.82999999999998,5060.650000000001,2723.2099999999996,false,0.0
2023-07-01 00:00:00,2024-04-01 00:00:00,9,81,7783.860000000001,81.64999999999999,5142.3,2641.56,false,0.0
2023-07-01 00:00:00,2024-05-01 00:00:00,10,81,7783.860000000001,46.01,5188.31,2595.55,false,0.0
2023-07-01 00:00:00,2024-06-01 00:00:00,11,81,7783.860000000001,150.59,5338.900000000001,2444.96,false,0.0
2023-07-01 00:00:00,2024-07-01 00:00:00,12,81,7783.860000000001,132.19,5471.09,2312.77,false,0.0
2023-07-01 00:00:00,2024-08-01 00:00:00,13,81,7783.860000000001,342.8,5813.889999999999,1969.9700000000003,false,0.0
2023-07-01 00:00:00,2024-09-01 00:00:00,14,81,7783.860000000001,198.76000000000002,6012.650000000001,1771.21,false,0.0
2023-07-01 00:00:00,2024-10-01 00:00:00,15,81,7783.860000000001,227.87,6240.5199999999995,1543.3400000000001,false,0.0
2023-07-01 00:00:00,2024-11-01 00:00:00,16,81,7783.860000000001,16.63,6257.15,1526.71,false,0.0
2023-07-01 00:00:00,2024-12-01 00:00:00,17,81,7783.860000000001,0.0,6257.15,1526.71,false,0.0
2023-07-01 00:00:00,2025-01-01 00:00:00,18,81,7783.860000000001,0.0,6257.15,1526.71,false,0.0
2023-07-01 00:00:00,2025-02-01 00:00:00,19,81,7783.860000000001,0.0,6257.15,1526.71,false,0.0
2023-07-01 00:00:00,2025-03-01 00:00:00,20,81,7783.860000000001,0.0,6257.15,1526.71,false,0.0
2023-07-01 00:00:00,2025-04-01 00:00:00,21,81,7783.860000000001,0.0,6257.15,1526.71,false,0.0
2023-07-01 00:00:00,2025-05-01 00:00:00,22,81,7783.860000000001,0.0,6257.15,1526.71,false,0.0
2023-07-01 00:00:00,2025-06-01 00:00:00,23,81,7783.8600000000015,0.0,6257.15,1526.71,true,1526.71
2023-08-01 00:00:00,2023-08-01 00:00:00,0,82,7223.94,826.85,788.5400000000001,6435.4,false,0.0
2023-08-01 00:00:00,2023-09-01 00:00:00,1,82,7223.94,796.1700000000001,1584.71,5639.2300000000005,false,0.0
2023-08-01 00:00:00,2023-10-01 00:00:00,2,82,7223.94,744.03,2304.93,4919.009999999999,false,0.0
2023-08-01 00:00:00,2023-11-01 00:00:00,3,82,7223.9400000000005,721.5,3026.43,4197.51,false,0.0
2023-08-01 00:00:00,2023-12-01 00:00:00,4,82,7223.9400000000005,680.77,3707.2,3516.7400000000002,false,0.0
2023-08-01 00:00:00,2024-01-01 00:00:00,5,82,7223.9400000000005,406.57000000000005,4113.77,3110.17,false,0.0
2023-08-01 00:00:00,2024-02-01 00:00:00,6,82,7223.9400000000005,582.39,4696.16,2527.78,false,0.0
2023-08-01 00:00:00,2024-03-01 00:00:00,7,82,7223.9400000000005,75.55,4771.71,2452.2300000000005,false,0.0
2023-08-01 00:00:00,2024-04-01 00:00:00,8,82,7223.9400000000005,253.52,5025.2300000000005,2198.71,false,0.0
2023-08-01 00:00:00,2024-05-01 00:00:00,9,82,7223.9400000000005,133.26,5158.49,2065.45,false,0.0
2023-08-01 00:00:00,2024-06-01 00:00:00,10,82,7223.9400000000005,47.89,5206.38,2017.56,false,0.0
2023-08-01 00:00:00,2024-07-01 00:00:00,11,82,7223.9400000000005,35.96,5242.34,1981.6,false,0.0
2023-08-01 00:00:00,2024-08-01 00:00:00,12,82,7223.9400000000005,201.61,5443.950000000001,1779.9900000000002,false,0.0
2023-08-01 00:00:00,2024-09-01 00:00:00,13,82,7223.9400000000005,191.28,5635.23,1588.71,false,0.0
2023-08-01 00:00:00,2024-10-01 00:00:00,14,82,7223.9400000000005,20.880000000000003,5656.11,1567.83,false,0.0
2023-08-01 00:00:00,2024-11-01 00:00:00,15,82,7223.9400000000005,18.97,5675.08,1548.86,false,0.0
2023-08-01 00:00:00,2024-12-01 00:00:00,16,82,7223.9400000000005,24.6,5699.68,1524.26,false,0.0
2023-08-01 00:00:00,2025-01-01 00:00:00,17,82,7223.9400000000005,0.0,5699.68,1524.26,false,0.0
2023-08-01 00:00:00,2025-02-01 00:00:00,18,82,7223.9400000000005,0.0,5699.68,1524.26,false,0.0
2023-08-01 00:00:00,2025-03-01 00:00:00,19,82,7223.9400000000005,0.0,5699.68,1524.26,false,0.0
2023-08-01 00:00:00,2025-04-01 00:00:00,20,82,7223.9400000000005,0.0,5699.68,1524.26,false,0.0
2023-08-01 00:00:00,2025-05-01 00:00:00,21,82,7223.9400000000005,0.0,5699.68,1524.26,false,0.0
2023-08-01 00:00:00,2025-06-01 00:00:00,22,82,7223.9400000000005,0.0,5699.68,1524.26,false,0.0
2023-09-01 00:00:00,2023-09-01 00:00:00,0,74,7619.800000000001,392.93999999999994,382.39,7237.410000000002,false,0.0
2023-09-01 00:00:00,2023-10-01 00:00:00,1,74,7619.800000000001,581.34,942.2700000000001,6677.530000000001,false,0.0
2023-09-01 00:00:00,2023-11-01 00:00:00,2,74,7619.800000000001,517.1200000000001,1459.39,6160.41,false,0.0
2023-09-01 00:00:00,2023-12-01 00:00:00,3,74,7619.800000000001,821.4699999999999,2280.8599999999997,5338.94,false,0.0
2023-09-01 00:00:00,2024-01-01 00:00:00,4,74,7619.800000000001,329.26,2610.1200000000003,5009.68,false,0.0
2023-09-01 00:00:00,2024-02-01 00:00:00,5,74,7619.800000000001,1020.98,3631.1,3988.7,false,0.0
2023-09-01 00:00:00,2024-03-01 00:00:00,6,74,7619.800000000001,355.38,3986.48,3633.3199999999997,false,0.0
2023-09-01 00:00:00,2024-04-01 00:00:00,7,74,7619.800000000001,348.69,4335.17,3284.629999999999,false,0.0
2023-09-01 00:00:00,2024-05-01 00:00:00,8,74,7619.800000000001,249.89999999999998,4585.07,3034.7299999999996,false,0.0
2023-09-01 00:00:00,2024-06-01 00:00:00,9,74,7619.800000000001,164.73999999999998,4749.81,2869.99,false,0.0
2023-09-01 00:00:00,2024-07-01 00:00:00,10,74,7619.800000000001,158.48000000000002,4908.29,2711.5099999999998,false,0.0
2023-09-01 00:00:00,2024-08-01 00:00:00,11,74,7619.800000000001,99.72000000000001,5008.01,2611.79,false,0.0
2023-09-01 00:00:00,2024-09-01 00:00:00,12,74,7619.800000000001,101.22000000000001,5109.2300000000005,2510.57,false,0.0
2023-09-01 00:00:00,2024-10-01 00:00:00,13,74,7619.800000000001,211.19,5320.420000000001,2299.38,false,0.0
2023-09-01 00:00:00,2024-11-01 00:00:00,14,74,7619.800000000001,196.29000000000002,5516.710000000001,2103.09,false,0.0
2023-09-01 00:00:00,2024-12-01 00:00:00,15,74,7619.800000000001,0.0,5516.710000000001,2103.09,false,0.0
2023-09-01 00:00:00,2025-01-01 00:00:00,16,74,7619.800000000001,0.0,5516.710000000001,2103.09,false,0.0
2023-09-01 00:00:00,2025-02-01 00:00:00,17,74,7619.800000000001,0.0,5516.710000000001,2103.09,false,0.0
2023-09-01 00:00:00,2025-03-01 00:00:00,18,74,7619.800000000001,0.0,5516.710000000001,2103.09,false,0.0
2023-09-01 00:00:00,2025-04-01 00:00:00,19,74,7619.800000000001,0.0,5516.710000000001,2103.09,false,0.0
2023-09-01 00:00:00,2025-05-01 00:00:00,20,74,7619.800000000001,0.0,5516.710000000001,2103.09,false,0.0
2023-09-01 00:00:00,2025-06-01 00:00:00,21,74,7619.800000000001,0.0,5516.710000000001,2103.09,false,0.0
2023-10-01 00:00:00,2023-10-01 00:00:00,0,104,9759.43,700.1800000000001,700.1800000000001,9059.25,false,0.0
2023-10-01 00:00:00,2023-11-01 00:00:00,1,104,9759.43,746.63,1416.79,8342.64,false,0.0
2023-10-01 00:00:00,2023-12-01 00:00:00,2,104,9759.43,991.8499999999999,2388.98,7370.45,false,0.0
2023-10-01 00:00:00,2024-01-01 00:00:00,3,104,9759.43,236.82,2625.7999999999993,7133.629999999999,false,0.0
2023-10-01 00:00:00,2024-02-01 00:00:00,4,104,9759.43,797.76,3423.5600000000004,6335.87,false,0.0
2023-10-01 00:00:00,2024-03-01 00:00:00,5,104,9759.43,545.6700000000001,3969.2300000000005,5790.200000000001,false,0.0
2023-10-01 00:00:00,2024-04-01 00:00:00,6,104,9759.43,329.12999999999994,4298.360000000001,5461.07,false,0.0
2023-10-01 00:00:00,2024-05-01 00:00:00,7,104,9759.43,363.98,4662.34,5097.089999999999,false,0.0
2023-10-01 00:00:00,2024-06-01 00:00:00,8,104,9759.43,88.43,4750.7699999999995,5008.660000000001,false,0.0
2023-10-01 00:00:00,2024-07-01 00:00:00,9,104,9759.43,110.19999999999999,4860.97,4898.459999999999,false,0.0
2023-10-01 00:00:00,2024-08-01 00:00:00,10,104,9759.43,109.32,4970.29,4789.139999999999,false,0.0
2023-10-01 00:00:00,2024-09-01 00:00:00,11,104,9759.43,167.76000000000002,5138.05,4621.38,false,0.0
2023-10-01 00:00:00,2024-10-01 00:00:00,12,104,9759.43,442.64,5580.6900000000005,4178.74,false,0.0
2023-10-01 00:00:00,2024-11-01 00:00:00,13,104,9759.43,47.650000000000006,5628.34,4131.09,false,0.0
2023-10-01 00:00:00,2024-12-01 00:00:00,14,104,9759.43,484.65000000000003,6112.99,3646.44,false,0.0
2023-10-01 00:00:00,2025-01-01 00:00:00,15,104,9759.43,0.0,6112.99,3646.44,false,0.0
2023-10-01 00:00:00,2025-02-01 00:00:00,16,104,9759.43,0.0,6112.99,3646.44,false,0.0
2023-10-01 00:00:00,2025-03-01 00:00:00,17,104,9759.43,0.0,6112.99,3646.44,false,0.0
2023-10-01 00:00:00,2025-04-01 00:00:00,18,104,9759.43,0.0,6112.99,3646.44,false,0.0
2023-10-01 00:00:00,2025-05-01 00:00:00,19,104,9759.43,0.0,6112.99,3646.44,false,0.0
2023-10-01 00:00:00,2025-06-01 00:00:00,20,104,9759.43,0.0,6112.99,3646.44,false,0.0
2023-11-01 00:00:00,2023-11-01 00:00:00,0,80,7480.900000000001,566.29,531.51,6949.390000000001,false,0.0
2023-11-01 00:00:00,2023-12-01 00:00:00,1,80,7480.900000000001,544.88,1076.39,6404.51,false,0.0
2023-11-01 00:00:00,2024-01-01 00:00:00,2,80,7480.900000000001,569.53,1613.22,5867.68,false,0.0
2023-11-01 00:00:00,2024-02-01 00:00:00,3,80,7480.900000000001,368.84999999999997,1982.07,5498.830000000001,false,0.0
2023-11-01 00:00:00,2024-03-01 00:00:00,4,80,7480.900000000001,651.97,2634.04,4846.860000000001,false,0.0
2023-11-01 00:00:00,2024-04-01 00:00:00,5,80,7480.900000000001,542.65,3176.6899999999996,4304.209999999999,false,0.0
2023-11-01 00:00:00,2024-05-01 00:00:00,6,80,7480.900000000001,778.4499999999999,3955.14,3525.7599999999998,false,0.0
2023-11-01 00:00:00,2024-06-01 00:00:00,7,80,7480.900000000001,169.07,4124.209999999999,3356.6899999999996,false,0.0
2023-11-01 00:00:00,2024-07-01 00:00:00,8,80,7480.900000000001,54.87,4179.079999999999,3301.8199999999997,false,0.0
2023-11-01 00:00:00,2024-08-01 00:00:00,9,80,7480.900000000001,195.87,4374.949999999999,3105.95,false,0.0
2023-11-01 00:00:00,2024-09-01 00:00:00,10,80,7480.900000000001,92.86,4467.8099999999995,3013.09,false,0.0
2023-11-01 00:00:00,2024-10-01 00:00:00,11,80,7480.900000000001,55.68,4523.49,2957.41,false,0.0
2023-11-01 00:00:00,2024-11-01 00:00:00,12,80,7480.900000000001,287.7,4811.189999999999,2669.71,false,0.0
2023-11-01 00:00:00,2024-12-01 00:00:00,13,80,7480.900000000001,86.7,4897.889999999999,2583.01,false,0.0
2023-11-01 00:00:00,2025-01-01 00:00:00,14,80,7480.900000000001,0.0,4897.889999999999,2583.01,false,0.0
2023-11-01 00:00:00,2025-02-01 00:00:00,15,80,7480.900000000001,0.0,4897.889999999999,2583.01,false,0.0
2023-11-01 00:00:00,2025-03-01 00:00:00,16,80,7480.900000000001,0.0,4897.889999999999,2583.01,false,0.0
2023-11-01 00:00:00,2025-04-01 00:00:00,17,80,7480.900000000001,0.0,4897.889999999999,2583.01,false,0.0
2023-11-01 00:00:00,2025-05-01 00:00:00,18,80,7480.900000000001,0.0,4897.889999999999,2583.01,false,0.0
2023-11-01 00:00:00,2025-06-01 00:00:00,19,80,7480.900000000001,0.0,4897.889999999999,2583.01,false,0.0
2023-12-01 00:00:00,2023-12-01 00:00:00,0,87,8590.19,445.93,435.22,8154.969999999999,false,0.0
2023-12-01 00:00:00,2024-01-01 00:00:00,1,87,8590.19,975.1800000000002,1410.4,7179.79,false,0.0
2023-12-01 00:00:00,2024-02-01 00:00:00,2,87,8590.19,613.69,2024.0900000000001,6566.1,false,0.0
2023-12-01 00:00:00,2024-03-01 00:00:00,3,87,8590.19,888.6599999999999,2912.75,5677.44,false,0.0
2023-12-01 00:00:00,2024-04-01 00:00:00,4,87,8590.19,527.3,3440.05,5150.139999999999,false,0.0
2023-12-01 00:00:00,2024-05-01 00:00:00,5,87,8590.19,490.17,3930.2200000000003,4659.969999999999,false,0.0
2023-12-01 00:00:00,2024-06-01 00:00:00,6,87,8590.19,436.1,4366.320000000001,4223.87,false,0.0
2023-12-01 00:00:00,2024-07-01 00:00:00,7,87,8590.19,112.25,4478.570000000001,4111.620000000001,false,0.0
2023-12-01 00:00:00,2024-08-01 00:00:00,8,87,8590.19,137.48000000000002,4616.050000000001,3974.1399999999994,false,0.0
2023-12-01 00:00:00,2024-09-01 00:00:00,9,87,8590.19,143.11,4759.16,3831.03,false,0.0
2023-12-01 00:00:00,2024-10-01 00:00:00,10,87,8590.19,44.49,4803.65,3786.54,false,0.0
2023-12-01 00:00:00,2024-11-01 00:00:00,11,87,8590.19,104.42,4908.07,3682.12,false,0.0
2023-12-01 00:00:00,2024-12-01 00:00:00,12,87,8590.19,411.33,5319.400000000001,3270.79,false,0.0
2023-12-01 00:00:00,2025-01-01 00:00:00,13,87,8590.19,0.0,5319.400000000001,3270.79,false,0.0
2023-12-01 00:00:00,2025-02-01 00:00:00,14,87,8590.19,0.0,5319.400000000001,3270.79,false,0.0
2023-12-01 00:00:00,2025-03-01 00:00:00,15,87,8590.19,0.0,5319.400000000001,3270.79,false,0.0
2023-12-01 00:00:00,2025-04-01 00:00:00,16,87,8590.19,0.0,5319.400000000001,3270.79,false,0.0
2023-12-01 00:00:00,2025-05-01 00:00:00,17,87,8590.19,0.0,5319.400000000001,3270.79,false,0.0
2023-12-01 00:00:00,2025-06-01 00:00:00,18,87,8590.19,0.0,5319.400000000001,3270.79,false,0.0
2024-01-01 00:00:00,2024-01-01 00:00:00,0,90,8441.14,1162.78,1139.65,7301.490000000001,false,0.0
2024-01-01 00:00:00,2024-02-01 00:00:00,1,90,8441.14,1069.7199999999998,2209.37,6231.7699999999995,false,0.0
2024-01-01 00:00:00,2024-03-01 00:00:00,2,90,8441.14,492.08,2701.45,5739.69,false,0.0
2024-01-01 00:00:00,2024-04-01 00:00:00,3,90,8441.14,828.06,3529.5099999999998,4911.63,false,0.0
2024-01-01 00:00:00,2024-05-01 00:00:00,4,90,8441.14,642.87,4172.38,4268.76,false,0.0
2024-01-01 00:00:00,2024-06-01 00:00:00,5,90,8441.14,703.91,4876.29,3564.85,false,0.0
2024-01-01 00:00:00,2024-07-01 00:00:00,6,90,8441.14,324.68,5200.97,3240.17,false,0.0
2024-01-01 00:00:00,2024-08-01 00:00:00,7,90,8441.14,183.46,5384.429999999999,3056.7100000000005,false,0.0
2024-01-01 00:00:00,2024-09-01 00:00:00,8,90,8441.14,126.49000000000001,5510.92,2930.2200000000003,false,0.0
2024-01-01 00:00:00,2024-10-01 00:00:00,9,90,8441.14,146.34,5657.26,2783.88,false,0.0
2024-01-01 00:00:00,2024-11-01 00:00:00,10,90,8441.14,67.88000000000001,5725.139999999999,2716.0,false,0.0
2024-01-01 00:00:00,2024-12-01 00:00:00,11,90,8441.14,107.62,5832.76,2608.38,false,0.0
2024-01-01 00:00:00,2025-01-01 00:00:00,12,90,8441.14,0.0,5832.76,2608.38,false,0.0
2024-01-01 00:00:00,2025-02-01 00:00:00,13,90,8441.14,0.0,5832.76,2608.38,false,0.0
2024-01-01 00:00:00,2025-03-01 00:00:00,14,90,8441.14,0.0,5832.76,2608.38,false,0.0
2024-01-01 00:00:00,2025-04-01 00:00:00,15,90,8441.14,0.0,5832.76,2608.38,false,0.0
2024-01-01 00:00:00,2025-05-01 00:00:00,16,90,8441.14,0.0,5832.76,2608.3799999999997,false,0.0
2024-01-01 00:00:00,2025-06-01 00:00:00,17,90,8441.14,0.0,5832.76,2608.3799999999997,false,0.0
2024-02-01 00:00:00,2024-02-01 00:00:00,0,100,9543.31,1115.54,1115.54,8427.77,false,0.0
2024-02-01 00:00:00,2024-03-01 00:00:00,1,100,9543.31,929.0,2039.44,7503.869999999999,false,0.0
2024-02-01 00:00:00,2024-04-01 00:00:00,2,100,9543.31,785.5699999999999,2810.9300000000003,6732.379999999999,false,0.0
2024-02-01 00:00:00,2024-05-01 00:00:00,3,100,9543.31,326.46,3134.71,6408.6,false,0.0
2024-02-01 00:00:00,2024-06-01 00:00:00,4,100,9543.31,525.97,3660.6800000000003,5882.63,false,0.0
2024-02-01 00:00:00,2024-07-01 00:00:00,5,100,9543.31,651.7,4312.379999999999,5230.9299999999985,false,0.0
2024-02-01 00:00:00,2024-08-01 00:00:00,6,100,9543.31,456.68,4769.06,4774.249999999999,false,0.0
2024-02-01 00:00:00,2024-09-01 00:00:00,7,100,9543.31,216.91999999999996,4985.98,4557.33,false,0.0
2024-02-01 00:00:00,2024-10-01 00:00:00,8,100,9543.31,428.69,5414.67,4128.639999999999,false,0.0
2024-02-01 00:00:00,2024-11-01 00:00:00,9,100,9543.31,143.01999999999998,5557.6900000000005,3985.62,false,0.0
2024-02-01 00:00:00,2024-12-01 00:00:00,10,100,9543.31,140.21,5697.900000000001,3845.4100000000003,false,0.0
2024-02-01 00:00:00,2025-01-01 00:00:00,11,100,9543.31,0.0,5697.900000000001,3845.4100000000003,false,0.0
2024-02-01 00:00:00,2025-02-01 00:00:00,12,100,9543.31,0.0,5697.900000000001,3845.4100000000003,false,0.0
2024-02-01 00:00:00,2025-03-01 00:00:00,13,100,9543.31,0.0,5697.900000000001,3845.4100000000003,false,0.0
2024-02-01 00:00:00,2025-04-01 00:00:00,14,100,9543.31,0.0,5697.900000000001,3845.4100000000003,false,0.0
2024-02-01 00:00:00,2025-05-01 00:00:00,15,100,9543.31,0.0,5697.900000000001,3845.4100000000003,false,0.0
2024-02-01 00:00:00,2025-06-01 00:00:00,16,100,9543.31,0.0,5697.900000000001,3845.4100000000003,false,0.0
2024-03-01 00:00:00,2024-03-01 00:00:00,0,83,8257.630000000001,292.06,292.06,7965.5700000000015,false,0.0
2024-03-01 00:00:00,2024-04-01 00:00:00,1,83,8257.630000000001,878.2,1170.26,7087.369999999999,false,0.0
2024-03-01 00:00:00,2024-05-01 00:00:00,2,83,8257.630000000001,998.61,2168.8700000000003,6088.76,false,0.0
2024-03-01 00:00:00,2024-06-01 00:00:00,3,83,8257.630000000001,530.1600000000001,2699.03,5558.6,false,0.0
2024-03-01 00:00:00,2024-07-01 00:00:00,4,83,8257.630000000001,1118.1599999999999,3817.19,4440.4400000000005,false,0.0
2024-03-01 00:00:00,2024-08-01 00:00:00,5,83,8257.630000000001,463.76,4280.95,3976.6800000000003,false,0.0
2024-03-01 00:00:00,2024-09-01 00:00:00,6,83,8257.630000000001,378.40999999999997,4659.36,3598.27,false,0.0
2024-03-01 00:00:00,2024-10-01 00:00:00,7,83,8257.630000000001,312.74,4972.1,3285.5299999999997,false,0.0
2024-03-01 00:00:00,2024-11-01 00:00:00,8,83,8257.630000000001,200.76999999999998,5172.87,3084.7599999999998,false,0.0
2024-03-01 00:00:00,2024-12-01 00:00:00,9,83,8257.630000000001,152.03,5324.9,2932.73,false,0.0
2024-03-01 00:00:00,2025-01-01 00:00:00,10,83,8257.630000000001,0.0,5324.9,2932.73,false,0.0
2024-03-01 00:00:00,2025-02-01 00:00:00,11,83,8257.630000000001,0.0,5324.9,2932.73,false,0.0
2024-03-01 00:00:00,2025-03-01 00:00:00,12,83,8257.630000000001,0.0,5324.9,2932.73,false,0.0
2024-03-01 00:00:00,2025-04-01 00:00:00,13,83,8257.630000000001,0.0,5324.9,2932.73,false,0.0
2024-03-01 00:00:00,2025-05-01 00:00:00,14,83,8257.630000000001,0.0,5324.9,2932.73,false,0.0
2024-03-01 00:00:00,2025-06-01 00:00:00,15,83,8257.630000000001,0.0,5324.9,2932.73,false,0.0
2024-04-01 00:00:00,2024-04-01 00:00:00,0,87,8598.03,794.77,794.77,7803.259999999999,false,0.0
2024-04-01 00:00:00,2024-05-01 00:00:00,1,87,8598.03,1530.6200000000001,2262.73,6335.299999999999,false,0.0
2024-04-01 00:00:00,2024-06-01 00:00:00,2,87,8598.03,359.48,2622.2100000000005,5975.82,false,0.0
2024-04-01 00:00:00,2024-07-01 00:00:00,3,87,8598.03,642.4000000000001,3247.16,5350.87,false,0.0
2024-04-01 00:00:00,2024-08-01 00:00:00,4,87,8598.03,616.03,3863.1900000000005,4734.84,false,0.0
2024-04-01 00:00:00,2024-09-01 00:00:00,5,87,8598.03,1063.54,4926.7300000000005,3671.3,false,0.0
2024-04-01 00:00:00,2024-10-01 00:00:00,6,87,8598.03,313.90999999999997,5240.64,3357.3899999999994,false,0.0
2024-04-01 00:00:00,2024-11-01 00:00:00,7,87,8598.03,174.56,5415.199999999999,3182.83,false,0.0
2024-04-01 00:00:00,2024-12-01 00:00:00,8,87,8598.03,130.02999999999997,5545.23,3052.8,false,0.0
2024-04-01 00:00:00,2025-01-01 00:00:00,9,87,8598.03,0.0,5545.23,3052.8,false,0.0
2024-04-01 00:00:00,2025-02-01 00:00:00,10,87,8598.03,0.0,5545.23,3052.8,false,0.0
2024-04-01 00:00:00,2025-03-01 00:00:00,11,87,8598.03,0.0,5545.23,3052.8,false,0.0
2024-04-01 00:00:00,2025-04-01 00:00:00,12,87,8598.03,0.0,5545.23,3052.8,false,0.0
2024-04-01 00:00:00,2025-05-01 00:00:00,13,87,8598.03,0.0,5545.23,3052.8,false,0.0
2024-04-01 00:00:00,2025-06-01 00:00:00,14,87,8598.03,0.0,5545.23,3052.8,false,0.0
2024-05-01 00:00:00,2024-05-01 00:00:00,0,94,8999.08,1219.03,1219.03,7780.049999999999,false,0.0
2024-05-01 00:00:00,2024-06-01 00:00:00,1,94,8999.08,1294.46,2509.87,6489.21,false,0.0
2024-05-01 00:00:00,2024-07-01 00:00:00,2,94,8999.08,1486.1000000000001,3968.42,5030.66,false,0.0
2024-05-01 00:00:00,2024-08-01 00:00:00,3,94,8999.08,480.0,4448.42,4550.66,false,0.0
2024-05-01 00:00:00,2024-09-01 00:00:00,4,94,8999.08,339.3,4787.719999999999,4211.36,false,0.0
2024-05-01 00:00:00,2024-10-01 00:00:00,5,94,8999.08,484.53000000000003,5272.25,3726.83,false,0.0
2024-05-01 00:00:00,2024-11-01 00:00:00,6,94,8999.08,243.23000000000002,5515.48,3483.6,false,0.0
2024-05-01 00:00:00,2024-12-01 00:00:00,7,94,8999.08,212.17,5727.65,3271.4300000000003,false,0.0
2024-05-01 00:00:00,2025-01-01 00:00:00,8,94,8999.08,0.0,5727.65,3271.4300000000003,false,0.0
2024-05-01 00:00:00,2025-02-01 00:00:00,9,94,8999.08,0.0,5727.65,3271.4300000000003,false,0.0
2024-05-01 00:00:00,2025-03-01 00:00:00,10,94,8999.08,0.0,5727.65,3271.4300000000003,false,0.0
2024-05-01 00:00:00,2025-04-01 00:00:00,11,94,8999.08,0.0,5727.65,3271.4300000000003,false,0.0
2024-05-01 00:00:00,2025-05-01 00:00:00,12,94,8999.08,0.0,5727.65,3271.4300000000003,false,0.0
2024-05-01 00:00:00,2025-06-01 00:00:00,13,94,8999.08,0.0,5727.65,3271.4300000000003,false,0.0
2024-06-01 00:00:00,2024-06-01 00:00:00,0,97,8929.88,1186.01,1186.01,7743.87,false,0.0
2024-06-01 00:00:00,2024-07-01 00:00:00,1,97,8929.88,877.95,2059.71,6870.170000000001,false,0.0
2024-06-01 00:00:00,2024-08-01 00:00:00,2,97,8929.88,986.24,3045.9500000000003,5883.929999999999,false,0.0
2024-06-01 00:00:00,2024-09-01 00:00:00,3,97,8929.88,776.8699999999999,3818.1699999999996,5111.71,false,0.0
2024-06-01 00:00:00,2024-10-01 00:00:00,4,97,8929.88,665.7299999999999,4483.900000000001,4445.98,false,0.0
2024-06-01 00:00:00,2024-11-01 00:00:00,5,97,8929.88,652.0799999999999,5135.98,3793.9000000000005,false,0.0
2024-06-01 00:00:00,2024-12-01 00:00:00,6,97,8929.88,278.22999999999996,5414.209999999999,3515.67,false,0.0
2024-06-01 00:00:00,2025-01-01 00:00:00,7,97,8929.88,0.0,5414.209999999999,3515.67,false,0.0
2024-06-01 00:00:00,2025-02-01 00:00:00,8,97,8929.88,0.0,5414.209999999999,3515.67,false,0.0
2024-06-01 00:00:00,2025-03-01 00:00:00,9,97,8929.88,0.0,5414.209999999999,3515.67,false,0.0
2024-06-01 00:00:00,2025-04-01 00:00:00,10,97,8929.88,0.0,5414.209999999999,3515.67,false,0.0
2024-06-01 00:00:00,2025-05-01 00:00:00,11,97,8929.88,0.0,5414.209999999999,3515.67,false,0.0
2024-06-01 00:00:00,2025-06-01 00:00:00,12,97,8929.88,0.0,5414.209999999999,3515.67,false,0.0
2024-07-01 00:00:00,2024-07-01 00:00:00,0,77,6878.839999999998,677.8900000000001,652.51,6226.33,false,0.0
2024-07-01 00:00:00,2024-08-01 00:00:00,1,77,6878.839999999998,515.4399999999999,1134.5,5744.34,false,0.0
2024-07-01 00:00:00,2024-09-01 00:00:00,2,77,6878.839999999998,642.96,1771.75,5107.09,false,0.0
2024-07-01 00:00:00,2024-10-01 00:00:00,3,77,6878.839999999998,532.83,2304.58,4574.259999999999,false,0.0
2024-07-01 00:00:00,2024-11-01 00:00:00,4,77,6878.839999999998,590.19,2894.77,3984.0699999999997,false,0.0
2024-07-01 00:00:00,2024-12-01 00:00:00,5,77,6878.839999999998,662.0,3556.77,3322.0700000000006,false,0.0
2024-07-01 00:00:00,2025-01-01 00:00:00,6,77,6878.839999999998,143.46,3700.2300000000005,3178.6100000000006,false,0.0
2024-07-01 00:00:00,2025-02-01 00:00:00,7,77,6878.839999999998,0.0,3700.2300000000005,3178.6100000000006,false,0.0
2024-07-01 00:00:00,2025-03-01 00:00:00,8,77,6878.839999999998,0.0,3700.2300000000005,3178.6100000000006,false,0.0
2024-07-01 00:00:00,2025-04-01 00:00:00,9,77,6878.839999999998,0.0,3700.2300000000005,3178.6100000000006,false,0.0
2024-07-01 00:00:00,2025-05-01 00:00:00,10,77,6878.839999999998,0.0,3700.2300000000005,3178.6100000000006,false,0.0
2024-07-01 00:00:00,2025-06-01 00:00:00,11,77,6878.839999999998,0.0,3700.2300000000005,3178.6100000000006,false,0.0
2024-08-01 00:00:00,2024-08-01 00:00:00,0,91,8833.83,1496.85,1468.32,7365.51,false,0.0
2024-08-01 00:00:00,2024-09-01 00:00:00,1,91,8833.83,1169.92,2603.21,6230.62,false,0.0
2024-08-01 00:00:00,2024-10-01 00:00:00,2,91,8833.83,346.68,2949.89,5883.9400000000005,false,0.0
2024-08-01 00:00:00,2024-11-01 00:00:00,3,91,8833.83,502.4,3452.29,5381.54,false,0.0
2024-08-01 00:00:00,2024-12-01 00:00:00,4,91,8833.83,566.96,4019.2499999999995,4814.58,false,0.0
2024-08-01 00:00:00,2025-01-01 00:00:00,5,91,8833.83,137.16,4156.41,4677.42,false,0.0
2024-08-01 00:00:00,2025-02-01 00:00:00,6,91,8833.83,263.98,4420.389999999999,4413.44,false,0.0
2024-08-01 00:00:00,2025-03-01 00:00:00,7,91,8833.83,0.0,4420.389999999999,4413.44,false,0.0
2024-08-01 00:00:00,2025-04-01 00:00:00,8,91,8833.83,0.0,4420.389999999999,4413.44,false,0.0
2024-08-01 00:00:00,2025-05-01 00:00:00,9,91,8833.83,0.0,4420.389999999999,4413.44,false,0.0
2024-08-01 00:00:00,2025-06-01 00:00:00,10,91,8833.83,0.0,4420.389999999999,4413.44,false,0.0
2024-09-01 00:00:00,2024-09-01 00:00:00,0,71,7319.97,752.9000000000001,752.9000000000001,6567.07,false,0.0
2024-09-01 00:00:00,2024-10-01 00:00:00,1,71,7319.97,570.88,1323.78,5996.19,false,0.0
2024-09-01 00:00:00,2024-11-01 00:00:00,2,71,7319.97,548.51,1872.29,5447.68,false,0.0
2024-09-01 00:00:00,2024-12-01 00:00:00,3,71,7319.97,712.22,2569.3799999999997,4750.59,false,0.0
2024-09-01 00:00:00,2025-01-01 00:00:00,4,71,7319.97,223.82,2793.2,4526.77,false,0.0
2024-09-01 00:00:00,2025-02-01 00:00:00,5,71,7319.97,145.33,2938.53,4381.4400000000005,false,0.0
2024-09-01 00:00:00,2025-03-01 00:00:00,6,71,7319.97,90.95,3029.48,4290.490000000001,false,0.0
2024-09-01 00:00:00,2025-04-01 00:00:00,7,71,7319.97,0.0,3029.48,4290.490000000001,false,0.0
2024-09-01 00:00:00,2025-05-01 00:00:00,8,71,7319.97,0.0,3029.48,4290.490000000001,false,0.0
2024-09-01 00:00:00,2025-06-01 00:00:00,9,71,7319.97,0.0,3029.48,4290.490000000001,false,0.0
2024-10-01 00:00:00,2024-10-01 00:00:00,0,85,8444.740000000002,954.4300000000001,906.01,7538.7300000000005,false,0.0
2024-10-01 00:00:00,2024-11-01 00:00:00,1,85,8444.740000000002,1458.08,2352.3500000000004,6092.39,false,0.0
2024-10-01 00:00:00,2024-12-01 00:00:00,2,85,8444.740000000002,472.17999999999995,2779.38,5665.360000000001,false,0.0
2024-10-01 00:00:00,2025-01-01 00:00:00,3,85,8444.740000000002,194.5,2973.88,5470.860000000001,false,0.0
2024-10-01 00:00:00,2025-02-01 00:00:00,4,85,8444.740000000002,165.45,3139.33,5305.410000000001,false,0.0
2024-10-01 00:00:00,2025-03-01 00:00:00,5,85,8444.740000000002,355.72,3495.05,4949.6900000000005,false,0.0
2024-10-01 00:00:00,2025-04-01 00:00:00,6,85,8444.740000000002,341.02,3836.0699999999997,4608.67,false,0.0
2024-10-01 00:00:00,2025-05-01 00:00:00,7,85,8444.740000000002,0.0,3836.0699999999997,4608.67,false,0.0
2024-10-01 00:00:00,2025-06-01 00:00:00,8,85,8444.740000000002,0.0,3836.0699999999997,4608.67,false,0.0
2024-11-01 00:00:00,2024-11-01 00:00:00,0,74,7480.739999999999,964.66,933.43,6547.3099999999995,false,0.0
2024-11-01 00:00:00,2024-12-01 00:00:00,1,74,7480.739999999999,950.2600000000001,1883.6899999999998,5597.049999999999,false,0.0
2024-11-01 00:00:00,2025-01-01 00:00:00,2,74,7480.739999999999,523.25,2406.94,5073.799999999999,false,0.0
2024-11-01 00:00:00,2025-02-01 00:00:00,3,74,7480.739999999999,318.88,2725.8199999999997,4754.92,false,0.0
2024-11-01 00:00:00,2025-03-01 00:00:00,4,74,7480.739999999999,291.09000000000003,3016.9100000000003,4463.83,false,0.0
2024-11-01 00:00:00,2025-04-01 00:00:00,5,74,7480.739999999999,141.37,3158.28,4322.46,false,0.0
2024-11-01 00:00:00,2025-05-01 00:00:00,6,74,7480.739999999999,246.76,3405.0399999999995,4075.7,false,0.0
2024-11-01 00:00:00,2025-06-01 00:00:00,7,74,7480.739999999999,0.0,3405.0399999999995,4075.7,false,0.0
2024-12-01 00:00:00,2024-12-01 00:00:00,0,86,7762.269999999999,796.08,782.02,6980.249999999998,false,0.0
2024-12-01 00:00:00,2025-01-01 00:00:00,1,86,7762.269999999999,359.53,1141.5500000000002,6620.72,false,0.0
2024-12-01 00:00:00,2025-02-01 00:00:00,2,86,7762.269999999999,471.65,1613.2000000000003,6149.070000000001,false,0.0
2024-12-01 00:00:00,2025-03-01 00:00:00,3,86,7762.269999999999,401.11,1993.8399999999997,5768.43,false,0.0
2024-12-01 00:00:00,2025-04-01 00:00:00,4,86,7762.269999999999,157.78,2151.62,5610.650000000001,false,0.0
2024-12-01 00:00:00,2025-05-01 00:00:00,5,86,7762.269999999999,543.79,2695.41,5066.860000000001,false,0.0
2024-12-01 00:00:00,2025-06-01 00:00:00,6,86,7762.269999999999,259.59000000000003,2955.0,4807.27,false,0.0
